﻿<?xml version="1.0" encoding="utf-8" ?>
<hibernate-mapping xmlns="urn:nhibernate-mapping-2.2"
                   assembly="NFeService"
                   namespace="NFeService.Model" default-lazy="false">
  <class name="EmpresaDTO" table="empresa">
    <id name="id" column="ID">
      <generator class="identity" />
    </id>
    <property name="idCNAE" column="ID_CNAE" />
    <property name="idEmpresa" column="ID_EMPRESA" />
    <property name="razaoSocial" column="RAZAO_SOCIAL" />
    <property name="nomeFantasia" column="NOME_FANTASIA" />
    <property name="cnpj" column="CNPJ" />
    <property name="inscricaoEstadual" column="INCRICAO_ESTADUAL" />
    <property name="inscricaoEstadualST" column="INSCRICAO_ESTADUAL_ST" />
    <property name="inscricaoMunicipal" column="INSCRICAO_MUNICIPAL" />
    <property name="tipo" column="TIPO" />
    <property name="dataCadastro" column="DATA_CADASTRO" />
    <property name="suframa" column="SUFRAMA" />
    <property name="email" column="EMAIL" />
    <property name="imagemLogotipo" column="IMAGEM_LOGOTIPO" />
    <property name="crt" column="CRT" />
    <property name="tipoRegime" column="TIPO_REGIME" />
    <property name="aliquotaPIS" column="ALIQUOTA_PIS" />
    <property name="aliquotaCOFINS" column="ALIQUOTA_COFINS" />
    <property name="contato" column="CONTATO" />
    <property name="codigoIBGECidade" column="CODIGO_IBGE_CIDADE" />
    <property name="codigoIBGE_UF" column="CODIGO_IBGE_UF" />

   
    <!--
    <many-to-one class="DocumentoOrigemDTO" name="documentoOrigem" column="ID_DOCUMENTO_ORIGEM"/>
    -->
  </class>
</hibernate-mapping>