﻿<?xml version="1.0" encoding="utf-8" ?>
<hibernate-mapping xmlns="urn:nhibernate-mapping-2.2"
                   assembly="NFeService"
                   namespace="NFeService.Model" default-lazy="false">
  <class name="NFeCupomFiscalDTO" table="nfe_cupom_fiscal">
    <id name="id" column="ID">
      <generator class="identity" />
    </id>
    <property name="idNFeCabecalho" column="ID_NFE_CABECALHO" />
    <property name="modeloDocumentoFiscal" column="MODELO_DOCUMENTO_FISCAL" />
    <property name="dataEmissaoCupom" column="DATA_EMISSAO_CUPOM" />
    <property name="numeroOrdemECF" column="NUMERO_ORDEM_ECF" />
    <property name="coo" column="COO" />
    <property name="numeroCaixa" column="NUMERO_CAIXA" />
    <property name="numeroSerieECF" column="NUMERO_SERIE_ECF" />

    <!--
    <many-to-one class="NaturezaFinanceiraDTO" name="naturezaFinanceira" column="ID_NATUREZA_FINANCEIRA"/>
    <many-to-one class="DocumentoOrigemDTO" name="documentoOrigem" column="ID_DOCUMENTO_ORIGEM"/>
    -->
  </class>
</hibernate-mapping>
