﻿<?xml version="1.0" encoding="utf-8" ?>
<hibernate-mapping xmlns="urn:nhibernate-mapping-2.2"
                   assembly="NFeService"
                   namespace="NFeService.Model" default-lazy="false">
  <class name="NFeCabecalhoDTO" table="nfe_cabecalho">
    <id name="id" column="ID">
      <generator class="identity" />
    </id>
    <property name="idEmpresa" column="ID_EMPRESA" />
    <property name="codigoNumerico" column="CODIGO_NUMERICO" />
    <property name="naturezaOperacao" column="NATUREZA_OPERACAO" />
    <property name="indicadorFormaPagamento" column="INDICADOR_FORMA_PAGAMENTO" />
    <property name="codigoModelo" column="CODIGO_MODELO" />
    <property name="serie" column="SERIE" />
    <property name="numero" column="NUMERO" />
    <property name="dataEmissao" column="DATA_EMISSAO" />
    <property name="dataEntradaSaida" column="DATA_ENTRADA_SAIDA" />
    <property name="horaEntradaSaida" column="HORA_ENTRADA_SAIDA" />
    <property name="tipoOperacao" column="TIPO_OPERACAO" />
    <property name="codigoMunicipio" column="CODIGO_MUNICIPIO" />
    <property name="formatoImpressaoDANFE" column="FORMATO_IMPRESSAO_DANFE" />
    <property name="tipoEmissao" column="TIPO_EMISSAO" />
    <property name="chaveAcesso" column="CHAVE_ACESSO" />
    <property name="digitoChaveAcesso" column="DIGITO_CHAVE_ACESSO" />
    <property name="ambiente" column="AMBIENTE" />
    <property name="finalidadeEmissao" column="FINALIDADE_EMISSAO" />
    <property name="processoEmissao" column="PROCESSO_EMISSAO" />
    <property name="versaoProcessoEmissao" column="VERSAO_PROCESSO_EMISSAO" />
    <property name="baseCalculoICMS" column="BASE_CALCULO_ICMS" />
    
    <property name="valorICMS" column="VALOR_ICMS" />
    <property name="baseCalculoICMS_ST" column="BASE_CALCULO_ICMS_ST" />
    <property name="valorICMS_ST" column="VALOR_ICMS_ST" />
    <property name="valorTotalProdutos" column="VALOR_TOTAL_PRODUTOS" />
    <property name="valorFrete" column="VALOR_FRETE" />
    <property name="valorSeguro" column="VALOR_SEGURO" />
    <property name="valorDesconto" column="VALOR_DESCONTO" />
    <property name="valorImpostoImportacao" column="VALOR_IMPOSTO_IMPORTACAO" />
    <property name="valorIPI" column="VALOR_IPI" />
    <property name="valorPIS" column="VALOR_PIS" />
    <property name="valorCOFINS" column="VALOR_COFINS" />
            
    <property name="valorDespesasAcessorias" column="VALOR_DESPESAS_ACESSORIAS" />
    <property name="valorTotal" column="VALOR_TOTAL" />
    <property name="valorServicos" column="VALOR_SERVICOS" />
    <property name="baseCalculoISSQN" column="BASE_CALCULO_ISSQN" />
    <property name="valorISSQN" column="VALOR_ISSQN" />
    <property name="valorPIS_ISSQN" column="VALOR_PIS_ISSQN" />
    <property name="valorCOFINS_ISSQN" column="VALOR_COFINS_ISSQN" />
    <property name="valorRetidoPIS" column="VALOR_RETIDO_PIS" />
    <property name="valorRetidoCOFINS" column="VALOR_RETIDO_COFINS" />
    <property name="valorRetidoCSLL" column="VALOR_RETIDO_CSLL" />
    <property name="baseCalculoIRRF" column="BASE_CALCULO_IRRF" />
    <property name="valorRetidoIRRF" column="VALOR_RETIDO_IRRF" />
    <property name="baseCalculoPrevidencia" column="BASE_CALCULO_PREVIDENCIA" />
    <property name="valorRetidoPrevidencia" column="VALOR_RETIDO_PREVIDENCIA" />
    <property name="ufEmbarque" column="UF_EMBARQUE" />
    <property name="localEmbarque" column="LOCAL_EMBARQUE" />
    <property name="notaEmpenho" column="NOTA_EMPENHO" />
    <property name="pedido" column="PEDIDO" />
    <property name="ISSretido" column="ISS_RETIDO" />
    <property name="informacoesAddFisco" column="INFORMACOES_ADD_FISCO" />
    <property name="informacoesAddContribuinte" column="INFORMACOES_ADD_CONTRIBUINTE" />
    <property name="informacoesComplementares" column="INFORMACOES_COMPLEMENTARES" />
    <property name="statusNota" column="STATUS_NOTA" />
    <!--
    <many-to-one class="NaturezaFinanceiraDTO" name="naturezaFinanceira" column="ID_NATUREZA_FINANCEIRA"/>
    <many-to-one class="DocumentoOrigemDTO" name="documentoOrigem" column="ID_DOCUMENTO_ORIGEM"/>
    -->
  </class>
</hibernate-mapping>