﻿<?xml version="1.0" encoding="utf-8" ?>
<hibernate-mapping xmlns="urn:nhibernate-mapping-2.2"
                   assembly="NFeService"
                   namespace="NFeService.Model" default-lazy="false">
  <class name="NFeDuplicataDTO" table="nfe_duplicata">
    <id name="id" column="ID">
      <generator class="identity" />
    </id>
    <property name="idNFeFatura" column="ID_NFE_FATURA" />
    <property name="dataVencimento" column="DATA_VENCIMENTO" />
    <property name="numero" column="NUMERO" />
    <property name="valor" column="VALOR" />
    <!--
    <many-to-one class="NaturezaFinanceiraDTO" name="naturezaFinanceira" column="ID_NATUREZA_FINANCEIRA"/>
    <many-to-one class="DocumentoOrigemDTO" name="documentoOrigem" column="ID_DOCUMENTO_ORIGEM"/>
    -->
  </class>
</hibernate-mapping>
