﻿<?xml version="1.0" encoding="utf-8" ?>
<hibernate-mapping xmlns="urn:nhibernate-mapping-2.2"
                   assembly="NFeService"
                   namespace="NFeService.Model" default-lazy="false">
  <class name="NFeDetalheDTO" table="nfe_detalhe">
    <id name="id" column="ID">
      <generator class="identity" />
    </id>
    <property name="idLoteProduto" column="ID_LOTE_PRODUTO" />
    <property name="idNFeCabecalho" column="ID_NFE_CABECALHO" />
    
    <property name="idProduto" column="ID_PRODUTO" />
    <property name="numeroItem" column="NUMERO_ITEM" />
    <property name="codigoProduto" column="CODIGO_PRODUTO" />
    <property name="gtin" column="GTIN" />
    <property name="nomeProduto" column="NOME_PRODUTO" />
    <property name="ncm" column="NCM" />
    <property name="exTIPI" column="EX_TIPI" />
    <property name="cfop" column="CFOP" />
    <property name="unidadeComercial" column="UNIDADE_COMERCIAL" />
    <property name="quantidadeComercial" column="QUANTIDADE_COMERCIAL" />
    <property name="valorUnitarioComercial" column="VALOR_UNITARIO_COMERCIAL" />
    <property name="valorBrutoProdutos" column="VALOR_BRUTO_PRODUTOS" />
    <property name="gtinUnidadeTributavel" column="GTIN_UNIDADE_TRIBUTAVEL" />
    <property name="unidadeTributavel" column="UNIDADE_TRIBUTAVEL" />
    <property name="quantidadeTributavel" column="QUANTIDADE_TRIBUTAVEL" />
    <property name="valorUnitarioTributacao" column="VALOR_UNITARIO_TRIBUTACAO" />
    <property name="valorFrete" column="VALOR_FRETE" />
    <property name="valorSeguro" column="VALOR_SEGURO" />
    <property name="valorDesconto" column="VALOR_DESCONTO" />
    <property name="valorOutrasDespesas" column="VALOR_OUTRAS_DESPESAS" />
    <property name="entraTotal" column="ENTRA_TOTAL" />
    <property name="origemMercadoria" column="ORIGEM_MERCADORIA" />
    <property name="cstICMS" column="CST_ICMS" />
    <property name="csosn" column="CSOSN" />
    <property name="modalidadeBC_ICMS" column="MODALIDADE_BC_ICMS" />
    <property name="taxaReducaoBC_ICMS" column="TAXA_REDUCAO_BC_ICMS" />
    <property name="baseCalculoICMS" column="BASE_CALCULO_ICMS" />
    <property name="aliquotaICMS" column="ALIQUOTA_ICMS" />
    <property name="valorICMS" column="VALOR_ICMS" />
    <property name="motivoDesoneracaoICMS" column="MOTIVO_DESONERACAO_ICMS" />
    <property name="modalidadeBC_ICMS_ST" column="MODALIDADE_BC_ICMS_ST" />
    <property name="percentualMVA_ICMS_ST" column="PERCENTUAL_MVA_ICMS_ST" />
    <property name="reducaoBC_ICMS_ST" column="REDUCAO_BC_ICMS_ST" />
    <property name="baseCalculoICMS_ST" column="BASE_CALCULO_ICMS_ST" />
    <property name="aliquotaICMS_ST" column="ALIQUOTA_ICMS_ST" />
    <property name="valorICMS_ST" column="VALOR_ICMS_ST" />
    <property name="valorBC_ICMS_ST_Retido" column="VALOR_BC_ICMS_ST_RETIDO" />
    <property name="valorICMS_ST_Retido" column="VALOR_ICMS_ST_RETIDO" />
    <property name="aliquotaCreditoICMS_SN" column="ALIQUOTA_CREDITO_ICMS_SN" />
    <property name="valorCreditoICMS_SN" column="VALOR_CREDITO_ICMS_SN" />
    <property name="enquadramentoIPI" column="ENQUADRAMENTO_IPI" />
    <property name="cnpjProdutor" column="CNPJ_PRODUTOR" />
    <property name="codigoSeloIPI" column="CODIGO_SELO_IPI" />
    <property name="quantidadeSeloIPI" column="QUANTIDADE_SELO_IPI" />
    <property name="enquadramentoLegalIPI" column="ENQUADRAMENTO_LEGAL_IPI" />
    <property name="cstIPI" column="CST_IPI" />
    <property name="baseCalculoIPI" column="BASE_CALCULO_IPI" />
    <property name="aliquotaIPI" column="ALIQUOTA_IPI" />
    <property name="valorIPI" column="VALOR_IPI" />
    <property name="valorBC_II" column="VALOR_BC_II" />
    <property name="valorDespesasAduaneiras" column="VALOR_DESPESAS_ADUANEIRAS" />
    <property name="valorImpostoImportacao" column="VALOR_IMPOSTO_IMPORTACAO" />
    <property name="valorIOF" column="VALOR_IOF" />
    <property name="cstPIS" column="CST_PIS" />
    <property name="valorBaseCalculoPIS" column="VALOR_BASE_CALCULO_PIS" />
    <property name="aliquotaPIS_Percentual" column="ALIQUOTA_PIS_PERCENTUAL" />
    <property name="valorPIS" column="VALOR_PIS" />
    <property name="cstCOFINS" column="CST_COFINS" />
    <property name="baseCalculoCOFINS" column="BASE_CALCULO_COFINS" />
    <property name="aliquotaCOFINS_Percentual" column="ALIQUOTA_COFINS_PERCENTUAL" />
    <property name="aliquotaCOFINS_Reais" column="ALIQUOTA_COFINS_REAIS" />
    <property name="valorCOFINS" column="VALOR_COFINS" />
    <property name="baseCalculoISSQN" column="BASE_CALCULO_ISSQN" />
    <property name="aliquotaISSQN" column="ALIQUOTA_ISSQN" />
    <property name="valorISSQN" column="VALOR_ISSQN" />
    <property name="municipioISSQN" column="MUNICIPIO_ISSQN" />
    <property name="itemListaServicos" column="ITEM_LISTA_SERVICOS" />
    <property name="tributacaoISSQN" column="TRIBUTACAO_ISSQN" />
    <property name="valorSubtotal" column="VALOR_SUBTOTAL" />
    <property name="valorTotal" column="VALOR_TOTAL" />
    <property name="informacoesAdicionais" column="INFORMACOES_ADICIONAIS" />
    <!--
    <many-to-one class="NaturezaFinanceiraDTO" name="naturezaFinanceira" column="ID_NATUREZA_FINANCEIRA"/>
    <many-to-one class="DocumentoOrigemDTO" name="documentoOrigem" column="ID_DOCUMENTO_ORIGEM"/>
    -->
  </class>
</hibernate-mapping>
