﻿<?xml version="1.0" encoding="utf-8" ?>
<hibernate-mapping xmlns="urn:nhibernate-mapping-2.2"
                   assembly="NFeService"
                   namespace="NFeService.Model" default-lazy="false">
  <class name="NFeFaturaDTO" table="nfe_fatura">
    <id name="id" column="ID">
      <generator class="identity" />
    </id>
    <property name="idNFeCabecalho" column="ID_NFE_CABECALHO" />
    <property name="numero" column="NUMERO" />
    <property name="valorOriginal" column="VALOR_ORIGINAL" />
    <property name="valorDesconto" column="VALOR_DESCONTO" />
    <property name="valorLiquido" column="VALOR_LIQUIDO" />
    <!--
    <many-to-one class="NaturezaFinanceiraDTO" name="naturezaFinanceira" column="ID_NATUREZA_FINANCEIRA"/>
    <many-to-one class="DocumentoOrigemDTO" name="documentoOrigem" column="ID_DOCUMENTO_ORIGEM"/>
    -->
  </class>
</hibernate-mapping>
