﻿<?xml version="1.0" encoding="utf-8" ?>
<hibernate-mapping xmlns="urn:nhibernate-mapping-2.2"
                   assembly="NFeService"
                   namespace="NFeService.Model" default-lazy="false">
  <class name="NFeTransporteDTO" table="nfe_transporte">
    <id name="id" column="ID">
      <generator class="identity" />
    </id>
    <property name="idNFeCabecalho" column="ID_NFE_CABECALHO" />
    <property name="modalidadeFrete" column="MODALIDADE_FRETE" />
    <property name="cpfCnpj" column="CPF_CNPJ" />
    <property name="nome" column="NOME" />
    <property name="inscricaoEstadual" column="INSCRICAO_ESTADUAL" />
    <property name="endereco" column="ENDERECO" />
    <property name="nomeMunicipio" column="NOME_MUNICIPIO" />
    <property name="uf" column="UF" />
    <property name="valorServico" column="VALOR_SERVICO" />
    <property name="baseCalculoRetencaoICMS" column="BASE_CALCULO_RETENCAO_ICMS" />
    
    <property name="aliquotaRetencaoICMS" column="ALIQUOTA_RETENCAO_ICMS" />
    <property name="valorICMS_Retido" column="VALOR_ICMS_RETIDO" />
    <property name="cfop" column="CFOP" />
    <property name="municipio" column="MUNICIPIO" />
    <property name="placaVeiculo" column="PLACA_VEICULO" />
    <property name="ufVeiculo" column="UF_VEICULO" />
    <property name="rntcVeiculo" column="RNTC_VEICULO" />
    <property name="placaReboque" column="PLACA_REBOQUE" />
    <property name="ufReboque" column="UF_REBOQUE" />
    <property name="rntcReboque" column="RNTC_REBOQUE" />
    <property name="vagaoReboque" column="VAGAO_REBOQUE" />
    <property name="balsaReboque" column="BALSA_REBOQUE" />
    <property name="qtdeVolTransportados" column="QTDE_VOL_TRANSPORTADOS" />
    <property name="especieVolTransportados" column="ESPECIE_VOL_TRANSPORTADOS" />
    <property name="marcaVolTransportados" column="MARCA_VOL_TRANSPORTADOS" />
    <property name="numeracaoVolTransportados" column="NUMERACAO_VOL_TRANSPORTADOS" />
    <property name="pesoLiquido" column="PESO_LIQUIDO" />
    <property name="pesoBruto" column="PESO_BRUTO" />
    <property name="numeroLacres" column="NUMERO_LACRES" />
    <!--
    <many-to-one class="NaturezaFinanceiraDTO" name="naturezaFinanceira" column="ID_NATUREZA_FINANCEIRA"/>
    <many-to-one class="DocumentoOrigemDTO" name="documentoOrigem" column="ID_DOCUMENTO_ORIGEM"/>
    -->
  </class>
</hibernate-mapping>
