﻿<?xml version="1.0" encoding="utf-8" ?>
<hibernate-mapping xmlns="urn:nhibernate-mapping-2.2"
                   assembly="NFeService"
                   namespace="NFeService.Model" default-lazy="false">
  <class name="ProdutoDTO" table="produto">
    <id name="id" column="ID">
      <generator class="identity" />
    </id>
    <many-to-one class="TributacaoEstadualDTO" name="tributacaoEstadual" column="ID_TRIBUTACAO_ESTADUAL"/>
    <many-to-one class="UnidadeDTO" name="unidade" column="ID_UNIDADE"/>
    <many-to-one class="NcmDTO" name="ncm" column="ID_NCM"/>
    <property name="idBaseCalculoReduzida" column="ID_BASE_CALCULO_REDUZIDA" />
    <property name="idImpostoST_UF" column="ID_IMPOSTO_ST_UF" />
    <property name="idEmpresa" column="ID_EMPRESA" />
    <property name="idMarcaProduto" column="ID_MARCA_PRODUTO" />
    <property name="idTipoItemSPED" column="ID_TIPO_ITEM_SPED" />
    <property name="idNCM" column="ID_NCM" />
    <property name="idSubGrupo" column="ID_SUB_GRUPO" />
    <property name="idUnidade" column="ID_UNIDADE" />
    <property name="gtin" column="GTIN" />
    <property name="codigoInterno" column="CODIGO_INTERNO" />
    <property name="nome" column="NOME" />
    <property name="descricao" column="DESCRICAO" />
    <property name="descricaoPDV" column="DESCRICAO_PDV" />
    <property name="valorCompra" column="VALOR_COMPRA" />
    <property name="valorVenda" column="VALOR_VENDA" />
    <property name="precoVendaMinimo" column="PRECO_VENDA_MINIMO" />
    <property name="precoSugerido" column="PRECO_SUGERIDO" />
    <property name="custoMedioLiquido" column="CUSTO_MEDIO_LIQUIDO" />
    <property name="precoLucroZero" column="PRECO_LUCRO_ZERO" />
    <property name="precoLucroMinimo" column="PRECO_LUCRO_MINIMO" />
    <property name="precoLucroMaximo" column="PRECO_LUCRO_MAXIMO" />
    <property name="markup" column="MARKUP" />
    <property name="quantidadeEstoque" column="QUANTIDADE_ESTOQUE" />
    <property name="estoqueMinimo" column="ESTOQUE_MINIMO" />
    <property name="estoqueMaximo" column="ESTOQUE_MAXIMO" />
    <property name="excluido" column="EXCLUIDO" />
    <property name="inativo" column="INATIVO" />
    <property name="dataCadastro" column="DATA_CADASTRO" />
    <property name="imagem" column="IMAGEM" />
    <property name="exTIPI" column="EX_TIPI" />
    <property name="codigoLST" column="CODIGO_LST" />
    <property name="classeABC" column="CLASSE_ABC" />
    <property name="iat" column="IAT" />
    <property name="ippt" column="IPPT" />
  </class>
</hibernate-mapping>