﻿<?xml version="1.0" encoding="utf-8" ?>
<hibernate-mapping xmlns="urn:nhibernate-mapping-2.2"
                   assembly="NFeService"
                   namespace="NFeService.Model" default-lazy="false">
  <class name="TributacaoEstadualDTO" table="tributacao_estadual">
    <id name="id" column="ID">
      <generator class="identity" />
    </id>
    <property name="idEmpresa" column="ID_EMPRESA" />
    <property name="descricao" column="DESCRICAO" />
    <property name="dataCadastro" column="DATA_CADASTRO" />
    <property name="dataAlteracao" column="DATA_ALTERACAO" />
    <property name="taxaISSQN" column="TAXA_ISSQN" />
    <property name="taxaICMS" column="TAXA_ICMS" />
    <property name="cfopFora" column="CFOP_FORA" />
    <property name="cfopDentro" column="CFOP_DENTRO" />
    <property name="cstA_ICMS" column="CST_A_ICMS" />
    <property name="cstB_ICMS" column="CST_B_ICMS" />
    <property name="cstECF" column="CST_ECF" />
    <property name="csosn" column="CSOSN" />
    <!--
    <many-to-one class="NaturezaFinanceiraDTO" name="naturezaFinanceira" column="ID_NATUREZA_FINANCEIRA"/>
    <many-to-one class="DocumentoOrigemDTO" name="documentoOrigem" column="ID_DOCUMENTO_ORIGEM"/>
    -->
  </class>
</hibernate-mapping>
