﻿<?xml version="1.0" encoding="utf-8" ?>
<Webservice>
  <!--Estados com webservices próprios-->
  <Estado ID="35" Nome="São Paulo" UF="SP">
    <URLHomologacao>
      <NFeRecepcao>https://homologacao.nfe.fazenda.sp.gov.br/cteWEB/services/cteRecepcao.asmx?wsdl</NFeRecepcao>
      <NFeRetRecepcao>https://homologacao.nfe.fazenda.sp.gov.br/cteWEB/services/cteRetRecepcao.asmx?wsdl</NFeRetRecepcao>
      <NFeCancelamento>https://homologacao.nfe.fazenda.sp.gov.br/cteWEB/services/cteCancelamento.asmx?wsdl</NFeCancelamento>
      <NFeInutilizacao>https://homologacao.nfe.fazenda.sp.gov.br/cteWEB/services/cteInutilizacao.asmx?wsdl</NFeInutilizacao>
      <NFeConsulta>https://homologacao.nfe.fazenda.sp.gov.br/cteWEB/services/cteConsulta.asmx?wsdl</NFeConsulta>
      <NFeStatusServico>https://homologacao.nfe.fazenda.sp.gov.br/cteWEB/services/cteStatusServico.asmx?wsdl</NFeStatusServico>
      <NFeConsultaCadastro></NFeConsultaCadastro>
    </URLHomologacao>
    <URLProducao>
      <NFeRecepcao>https://nfe.fazenda.sp.gov.br/cteWEB/services/cteRecepcao.asmx?wsdl</NFeRecepcao>
      <NFeRetRecepcao>https://nfe.fazenda.sp.gov.br/cteWEB/services/cteRetRecepcao.asmx?wsdl</NFeRetRecepcao>
      <NFeCancelamento>https://nfe.fazenda.sp.gov.br/cteWEB/services/cteCancelamento.asmx?wsdl</NFeCancelamento>
      <NFeInutilizacao>https://nfe.fazenda.sp.gov.br/cteWEB/services/cteInutilizacao.asmx?wsdl</NFeInutilizacao>
      <NFeConsulta>https://nfe.fazenda.sp.gov.br/cteWEB/services/cteConsulta.asmx?wsdl</NFeConsulta>
      <NFeStatusServico>https://nfe.fazenda.sp.gov.br/cteWEB/services/cteStatusServico.asmx?wsdl</NFeStatusServico>
      <NFeConsultaCadastro></NFeConsultaCadastro>
    </URLProducao>
    <LocalHomologacao>
      <NFeRecepcao>wsdl\homologacao\HSPCteRecepcao.wsdl</NFeRecepcao>
      <NFeRetRecepcao>wsdl\homologacao\HSPCteRetRecepcao.wsdl</NFeRetRecepcao>
      <NFeCancelamento>wsdl\homologacao\HSPCteCancelamento.wsdl</NFeCancelamento>
      <NFeInutilizacao>wsdl\homologacao\HSPCteInutilizacao.wsdl</NFeInutilizacao>
      <NFeConsulta>wsdl\homologacao\HSPCteConsulta.wsdl</NFeConsulta>
      <NFeStatusServico>wsdl\homologacao\HSPCteStatusServico.wsdl</NFeStatusServico>
      <NFeConsultaCadastro>wsdl\homologacao\HSPCadConsultaCadastro.wsdl</NFeConsultaCadastro>
    </LocalHomologacao>
    <LocalProducao>
      <NFeRecepcao>wsdl\producao\PSPCteRecepcao.wsdl</NFeRecepcao>
      <NFeRetRecepcao>wsdl\producao\PSPCteRetRecepcao.wsdl</NFeRetRecepcao>
      <NFeCancelamento>wsdl\producao\PSPCteCancelamento.wsdl</NFeCancelamento>
      <NFeInutilizacao>wsdl\producao\PSPCteInutilizacao.wsdl</NFeInutilizacao>
      <NFeConsulta>wsdl\producao\PSPCteConsulta.wsdl</NFeConsulta>
      <NFeStatusServico>wsdl\producao\PSPCteStatusServico.wsdl</NFeStatusServico>
      <NFeConsultaCadastro>wsdl\producao\PSPCadConsultaCadastro.wsdl</NFeConsultaCadastro>
    </LocalProducao>
  </Estado>
  <Estado ID="43" Nome="Rio Grande do Sul" UF="RS">
    <URLHomologacao>
      <NFeRecepcao>https://homologacao.cte.sefaz.rs.gov.br/ws/cterecepcao/CteRecepcao.asmx?wsdl</NFeRecepcao>
      <NFeRetRecepcao>https://homologacao.cte.sefaz.rs.gov.br/ws/cteretrecepcao/cteRetRecepcao.asmx?wsdl</NFeRetRecepcao>
      <NFeCancelamento>https://homologacao.cte.sefaz.rs.gov.br/ws/ctecancelamento/ctecancelamento.asmx?wsdl</NFeCancelamento>
      <NFeInutilizacao>https://homologacao.cte.sefaz.rs.gov.br/ws/cteinutilizacao/cteinutilizacao.asmx?wsdl</NFeInutilizacao>
      <NFeConsulta>https://homologacao.cte.sefaz.rs.gov.br/ws/cteconsulta/CteConsulta.asmx?wsdl</NFeConsulta>
      <NFeStatusServico>https://homologacao.cte.sefaz.rs.gov.br/ws/ctestatusservico/CteStatusServico.asmx?wsdl</NFeStatusServico>
      <NFeConsultaCadastro></NFeConsultaCadastro>
    </URLHomologacao>
    <URLProducao>
      <NFeRecepcao>https://cte.sefaz.rs.gov.br/ws/cterecepcao/CteRecepcao.asmx?wsdl</NFeRecepcao>
      <NFeRetRecepcao>https://cte.sefaz.rs.gov.br/ws/cteretrecepcao/cteRetRecepcao.asmx?wsdl</NFeRetRecepcao>
      <NFeCancelamento>https://cte.sefaz.rs.gov.br/ws/ctecancelamento/ctecancelamento.asmx?wsdl</NFeCancelamento>
      <NFeInutilizacao>https://cte.sefaz.rs.gov.br/ws/cteinutilizacao/cteinutilizacao.asmx?wsdl</NFeInutilizacao>
      <NFeConsulta>https://cte.sefaz.rs.gov.br/ws/cteconsulta/CteConsulta.asmx?wsdl</NFeConsulta>
      <NFeStatusServico>https://cte.sefaz.rs.gov.br/ws/ctestatusservico/CteStatusServico.asmx?wsdl</NFeStatusServico>
      <NFeConsultaCadastro></NFeConsultaCadastro>
    </URLProducao>
    <LocalHomologacao>
      <NFeRecepcao>wsdl\homologacao\HRSCteRecepcao.wsdl</NFeRecepcao>
      <NFeRetRecepcao>wsdl\homologacao\HRSCteRetRecepcao.wsdl</NFeRetRecepcao>
      <NFeCancelamento>wsdl\homologacao\HRSCteCancelamento.wsdl</NFeCancelamento>
      <NFeInutilizacao>wsdl\homologacao\HRSCteInutilizacao.wsdl</NFeInutilizacao>
      <NFeConsulta>wsdl\homologacao\HRSCteConsulta.wsdl</NFeConsulta>
      <NFeStatusServico>wsdl\homologacao\HRSCteStatusServico.wsdl</NFeStatusServico>
      <NFeConsultaCadastro>wsdl\homologacao\HRSCadConsultaCadastro.wsdl</NFeConsultaCadastro>
    </LocalHomologacao>
    <LocalProducao>
      <NFeRecepcao>wsdl\producao\PRSCteRecepcao.wsdl</NFeRecepcao>
      <NFeRetRecepcao>wsdl\producao\PRSCteRetRecepcao.wsdl</NFeRetRecepcao>
      <NFeCancelamento>wsdl\producao\PRSCteCancelamento.wsdl</NFeCancelamento>
      <NFeInutilizacao>wsdl\producao\PRSCteInutilizacao.wsdl</NFeInutilizacao>
      <NFeConsulta>wsdl\producao\PRSCteConsulta.wsdl</NFeConsulta>
      <NFeStatusServico>wsdl\producao\PRSCteStatusServico.wsdl</NFeStatusServico>
      <NFeConsultaCadastro>wsdl\producao\PRSCadConsultaCadastro.wsdl</NFeConsultaCadastro>
    </LocalProducao>
  </Estado>
  <Estado ID="31" Nome="Minas Gerais" UF="MG">
    <URLHomologacao>
      <NFeRecepcao>https://hcte.fazenda.mg.gov.br/cte/services/CteRecepcao?wsdl</NFeRecepcao>
      <NFeRetRecepcao>https://hcte.fazenda.mg.gov.br/cte/services/CteRetRecepcao?wsdl</NFeRetRecepcao>
      <NFeCancelamento>https://hcte.fazenda.mg.gov.br/cte/services/CteCancelamento?wsdl</NFeCancelamento>
      <NFeInutilizacao>https://hcte.fazenda.mg.gov.br/cte/services/CteInutilizacao?wsdl</NFeInutilizacao>
      <NFeConsulta>https://hcte.fazenda.mg.gov.br/cte/services/CteConsulta?wsdl</NFeConsulta>
      <NFeStatusServico>https://hcte.fazenda.mg.gov.br/cte/services/CteStatusServico?wsdl</NFeStatusServico>
      <NFeConsultaCadastro></NFeConsultaCadastro>
    </URLHomologacao>
    <URLProducao>
      <NFeRecepcao>https://cte.fazenda.mg.gov.br/cte/services/CteRecepcao?wsdl</NFeRecepcao>
      <NFeRetRecepcao>https://cte.fazenda.mg.gov.br/cte/services/CteRetRecepcao?wsdl</NFeRetRecepcao>
      <NFeCancelamento>https://cte.fazenda.mg.gov.br/cte/services/CteCancelamento?wsdl</NFeCancelamento>
      <NFeInutilizacao>https://cte.fazenda.mg.gov.br/cte/services/CteInutilizacao?wsdl</NFeInutilizacao>
      <NFeConsulta>https://cte.fazenda.mg.gov.br/cte/services/CteConsulta?wsdl</NFeConsulta>
      <NFeStatusServico>https://cte.fazenda.mg.gov.br/cte/services/CteStatusServico?wsdl</NFeStatusServico>
      <NFeConsultaCadastro></NFeConsultaCadastro>
    </URLProducao>
    <LocalHomologacao>
      <NFeRecepcao>wsdl\homologacao\HMGCteRecepcao.wsdl</NFeRecepcao>
      <NFeRetRecepcao>wsdl\homologacao\HMGCteRetRecepcao.wsdl</NFeRetRecepcao>
      <NFeCancelamento>wsdl\homologacao\HMGCteCancelamento.wsdl</NFeCancelamento>
      <NFeInutilizacao>wsdl\homologacao\HMGCteInutilizacao.wsdl</NFeInutilizacao>
      <NFeConsulta>wsdl\homologacao\HMGCteConsulta.wsdl</NFeConsulta>
      <NFeStatusServico>wsdl\homologacao\HMGCteStatusServico.wsdl</NFeStatusServico>
      <NFeConsultaCadastro>wsdl\homologacao\HMGCadConsultaCadastro.wsdl</NFeConsultaCadastro>
    </LocalHomologacao>
    <LocalProducao>
      <NFeRecepcao>wsdl\producao\PMGCteRecepcao.wsdl</NFeRecepcao>
      <NFeRetRecepcao>wsdl\producao\PMGCteRetRecepcao.wsdl</NFeRetRecepcao>
      <NFeCancelamento>wsdl\producao\PMGCteCancelamento.wsdl</NFeCancelamento>
      <NFeInutilizacao>wsdl\producao\PMGCteInutilizacao.wsdl</NFeInutilizacao>
      <NFeConsulta>wsdl\producao\PMGCteConsulta.wsdl</NFeConsulta>
      <NFeStatusServico>wsdl\producao\PMGCteStatusServico.wsdl</NFeStatusServico>
      <NFeConsultaCadastro>wsdl\producao\PMGCadConsultaCadastro.wsdl</NFeConsultaCadastro>
    </LocalProducao>
  </Estado>
  <Estado ID="50" Nome="Mato Grosso do Sul" UF="MS">
    <URLHomologacao>
      <NFeRecepcao>https://homologacao.cte.ms.gov.br/cteWEB/CteRecepcao.asmx?wsdl</NFeRecepcao>
      <NFeRetRecepcao>https://homologacao.cte.ms.gov.br/cteWEB/CteRetRecepcao.asmx?wsdl</NFeRetRecepcao>
      <NFeCancelamento>https://homologacao.cte.ms.gov.br/cteWEB/CteCancelamento.asmx?wsdl</NFeCancelamento>
      <NFeInutilizacao>https://homologacao.cte.ms.gov.br/cteWEB/CteInutilizacao.asmx?wsdl</NFeInutilizacao>
      <NFeConsulta>https://homologacao.cte.ms.gov.br/cteWEB/CteConsulta.asmx?wsdl</NFeConsulta>
      <NFeStatusServico>https://homologacao.cte.ms.gov.br/cteWEB/CteStatusServico.asmx?wsdl</NFeStatusServico>
      <NFeConsultaCadastro>https://homologacao.cte.ms.gov.br/cteWEB/CadConsultaCadastro.asmx?wsdl</NFeConsultaCadastro>
    </URLHomologacao>
    <URLProducao>
      <NFeRecepcao></NFeRecepcao>
      <NFeRetRecepcao></NFeRetRecepcao>
      <NFeCancelamento></NFeCancelamento>
      <NFeInutilizacao></NFeInutilizacao>
      <NFeConsulta></NFeConsulta>
      <NFeStatusServico></NFeStatusServico>
      <NFeConsultaCadastro></NFeConsultaCadastro>
    </URLProducao>
    <LocalHomologacao>
      <NFeRecepcao>wsdl\homologacao\HMSCteRecepcao.wsdl</NFeRecepcao>
      <NFeRetRecepcao>wsdl\homologacao\HMSCteRetRecepcao.wsdl</NFeRetRecepcao>
      <NFeCancelamento>wsdl\homologacao\HMSCteCancelamento.wsdl</NFeCancelamento>
      <NFeInutilizacao>wsdl\homologacao\HMSCteInutilizacao.wsdl</NFeInutilizacao>
      <NFeConsulta>wsdl\homologacao\HMSCteConsulta.wsdl</NFeConsulta>
      <NFeStatusServico>wsdl\homologacao\HMSCteStatusServico.wsdl</NFeStatusServico>
      <NFeConsultaCadastro>wsdl\homologacao\HMSCadConsultaCadastro.wsdl</NFeConsultaCadastro>
    </LocalHomologacao>
    <LocalProducao>
      <NFeRecepcao>wsdl\producao\PMSCteRecepcao.wsdl</NFeRecepcao>
      <NFeRetRecepcao>wsdl\producao\PMSCteRetRecepcao.wsdl</NFeRetRecepcao>
      <NFeCancelamento>wsdl\producao\PMSCteCancelamento.wsdl</NFeCancelamento>
      <NFeInutilizacao>wsdl\producao\PMSCteInutilizacao.wsdl</NFeInutilizacao>
      <NFeConsulta>wsdl\producao\PMSCteConsulta.wsdl</NFeConsulta>
      <NFeStatusServico>wsdl\producao\PMSCteStatusServico.wsdl</NFeStatusServico>
      <NFeConsultaCadastro>wsdl\producao\PMSCadConsultaCadastro.wsdl</NFeConsultaCadastro>
    </LocalProducao>
  </Estado>
  <Estado ID="51" Nome="Mato Grosso" UF="MT">
    <URLHomologacao>
      <NFeRecepcao>https://homologacao.sefaz.mt.gov.br/ctews/services/CteRecepcao?wsdl</NFeRecepcao>
      <NFeRetRecepcao>https://homologacao.sefaz.mt.gov.br/ctews/services/CteRetRecepcao?wsdl</NFeRetRecepcao>
      <NFeCancelamento>	https://homologacao.sefaz.mt.gov.br/ctews/services/CteCancelamento?wsdl</NFeCancelamento>
      <NFeInutilizacao>https://homologacao.sefaz.mt.gov.br/ctews/services/CteInutilizacao?wsdl</NFeInutilizacao>
      <NFeConsulta>https://homologacao.sefaz.mt.gov.br/ctews/services/CteConsulta?wsdl</NFeConsulta>
      <NFeStatusServico>https://homologacao.sefaz.mt.gov.br/ctews/services/CteStatusServico?wsdl</NFeStatusServico>
      <NFeConsultaCadastro></NFeConsultaCadastro>
    </URLHomologacao>
    <URLProducao>
      <NFeRecepcao>https://cte.sefaz.mt.gov.br/ctews/services/CteRecepcao?wsdl</NFeRecepcao>
      <NFeRetRecepcao>https://cte.sefaz.mt.gov.br/ctews/services/CteRetRecepcao?wsdl</NFeRetRecepcao>
      <NFeCancelamento>https://cte.sefaz.mt.gov.br/ctews/services/CteCancelamento?wsdl</NFeCancelamento>
      <NFeInutilizacao>https://cte.sefaz.mt.gov.br/ctews/services/CteInutilizacao?wsdl</NFeInutilizacao>
      <NFeConsulta>https://cte.sefaz.mt.gov.br/ctews/services/CteConsulta?wsdl</NFeConsulta>
      <NFeStatusServico>https://cte.sefaz.mt.gov.br/ctews/services/CteStatusServico?wsdl</NFeStatusServico>
      <NFeConsultaCadastro></NFeConsultaCadastro>
    </URLProducao>
    <LocalHomologacao>
      <NFeRecepcao>wsdl\homologacao\HMTCteRecepcao.wsdl</NFeRecepcao>
      <NFeRetRecepcao>wsdl\homologacao\HMTCteRetRecepcao.wsdl</NFeRetRecepcao>
      <NFeCancelamento>wsdl\homologacao\HMTCteCancelamento.wsdl</NFeCancelamento>
      <NFeInutilizacao>wsdl\homologacao\HMTCteInutilizacao.wsdl</NFeInutilizacao>
      <NFeConsulta>wsdl\homologacao\HMTCteConsulta.wsdl</NFeConsulta>
      <NFeStatusServico>wsdl\homologacao\HMTCteStatusServico.wsdl</NFeStatusServico>
      <NFeConsultaCadastro>wsdl\homologacao\HMTCadConsultaCadastro.wsdl</NFeConsultaCadastro>
    </LocalHomologacao>
    <LocalProducao>
      <NFeRecepcao>wsdl\producao\PMTCteRecepcao.wsdl</NFeRecepcao>
      <NFeRetRecepcao>wsdl\producao\PMTCteRetRecepcao.wsdl</NFeRetRecepcao>
      <NFeCancelamento>wsdl\producao\PMTCteCancelamento.wsdl</NFeCancelamento>
      <NFeInutilizacao>wsdl\producao\PMTCteInutilizacao.wsdl</NFeInutilizacao>
      <NFeConsulta>wsdl\producao\PMTCteConsulta.wsdl</NFeConsulta>
      <NFeStatusServico>wsdl\producao\PMTCteStatusServico.wsdl</NFeStatusServico>
      <NFeConsultaCadastro>wsdl\producao\PMTCadConsultaCadastro.wsdl</NFeConsultaCadastro>
    </LocalProducao>    
  </Estado>
  <!--Estados que utilizam os webservices do Sistema Virtual do Rio Grande do Sul (SVRS)-->
  <Estado ID="41" Nome="Paraná" UF="PR">
    <URLHomologacao>
      <NFeRecepcao>https://homologacao.cte.sefaz.rs.gov.br/ws/cterecepcao/CteRecepcao.asmx?wsdl</NFeRecepcao>
      <NFeRetRecepcao>https://homologacao.cte.sefaz.rs.gov.br/ws/cteretrecepcao/CteRetRecepcao.asmx?wsdl</NFeRetRecepcao>
      <NFeCancelamento>https://homologacao.cte.sefaz.rs.gov.br/ws/ctecancelamento/ctecancelamento.asmx?wsdl</NFeCancelamento>
      <NFeInutilizacao>https://homologacao.cte.sefaz.rs.gov.br/ws/cteinutilizacao/cteinutilizacao.asmx?wsdl</NFeInutilizacao>
      <NFeConsulta>https://homologacao.cte.sefaz.rs.gov.br/ws/cteconsulta/cteconsulta.asmx?wsdl</NFeConsulta>
      <NFeStatusServico>https://homologacao.cte.sefaz.rs.gov.br/ws/ctestatusservico/ctestatusservico.asmx?wsdl</NFeStatusServico>
      <NFeConsultaCadastro></NFeConsultaCadastro>
    </URLHomologacao>
    <URLProducao>
      <NFeRecepcao>https://cte.sefaz.rs.gov.br/ws/cterecepcao/CteRecepcao.asmx?wsdl</NFeRecepcao>
      <NFeRetRecepcao>https://cte.sefaz.rs.gov.br/ws/cteretrecepcao/CteRetRecepcao.asmx?wsdl</NFeRetRecepcao>
      <NFeCancelamento>https://cte.sefaz.rs.gov.br/ws/ctecancelamento/ctecancelamento.asmx?wsdl</NFeCancelamento>
      <NFeInutilizacao>https://cte.sefaz.rs.gov.br/ws/cteinutilizacao/cteinutilizacao.asmx?wsdl</NFeInutilizacao>
      <NFeConsulta>https://cte.sefaz.rs.gov.br/ws/cteconsulta/cteconsulta.asmx?wsdl</NFeConsulta>
      <NFeStatusServico>https://cte.sefaz.rs.gov.br/ws/ctestatusservico/ctestatusservico.asmx?wsdl</NFeStatusServico>
      <NFeConsultaCadastro></NFeConsultaCadastro>
    </URLProducao>
    <LocalHomologacao>
      <NFeRecepcao>wsdl\homologacao\HSVRSCteRecepcao.wsdl</NFeRecepcao>
      <NFeRetRecepcao>wsdl\homologacao\HSVRSCteRetRecepcao.wsdl</NFeRetRecepcao>
      <NFeCancelamento>wsdl\homologacao\HSVRSCteCancelamento.wsdl</NFeCancelamento>
      <NFeInutilizacao>wsdl\homologacao\HSVRSCteInutilizacao.wsdl</NFeInutilizacao>
      <NFeConsulta>wsdl\homologacao\HSVRSCteConsulta.wsdl</NFeConsulta>
      <NFeStatusServico>wsdl\homologacao\HSVRSCteStatusServico.wsdl</NFeStatusServico>
      <NFeConsultaCadastro>wsdl\homologacao\HSVRSCadConsultaCadastro.wsdl</NFeConsultaCadastro>
    </LocalHomologacao>
    <LocalProducao>
      <NFeRecepcao>wsdl\producao\PSVRSCteRecepcao.wsdl</NFeRecepcao>
      <NFeRetRecepcao>wsdl\producao\PSVRSCteRetRecepcao.wsdl</NFeRetRecepcao>
      <NFeCancelamento>wsdl\producao\PSVRSCteCancelamento.wsdl</NFeCancelamento>
      <NFeInutilizacao>wsdl\producao\PSVRSCteInutilizacao.wsdl</NFeInutilizacao>
      <NFeConsulta>wsdl\producao\PSVRSCteConsulta.wsdl</NFeConsulta>
      <NFeStatusServico>wsdl\producao\PSVRSCteStatusServico.wsdl</NFeStatusServico>
      <NFeConsultaCadastro>wsdl\producao\PSVRSCadConsultaCadastro.wsdl</NFeConsultaCadastro>
    </LocalProducao>
  </Estado>
  <Estado ID="32" Nome="Espírito Santo" UF="ES">
    <URLHomologacao>
      <NFeRecepcao>https://homologacao.cte.sefaz.rs.gov.br/ws/cterecepcao/CteRecepcao.asmx?wsdl</NFeRecepcao>
      <NFeRetRecepcao>https://homologacao.cte.sefaz.rs.gov.br/ws/cteretrecepcao/CteRetRecepcao.asmx?wsdl</NFeRetRecepcao>
      <NFeCancelamento>https://homologacao.cte.sefaz.rs.gov.br/ws/ctecancelamento/ctecancelamento.asmx?wsdl</NFeCancelamento>
      <NFeInutilizacao>https://homologacao.cte.sefaz.rs.gov.br/ws/cteinutilizacao/cteinutilizacao.asmx?wsdl</NFeInutilizacao>
      <NFeConsulta>https://homologacao.cte.sefaz.rs.gov.br/ws/cteconsulta/cteconsulta.asmx?wsdl</NFeConsulta>
      <NFeStatusServico>https://homologacao.cte.sefaz.rs.gov.br/ws/ctestatusservico/ctestatusservico.asmx?wsdl</NFeStatusServico>
      <NFeConsultaCadastro></NFeConsultaCadastro>
    </URLHomologacao>
    <URLProducao>
      <NFeRecepcao>https://cte.sefaz.rs.gov.br/ws/cterecepcao/CteRecepcao.asmx?wsdl</NFeRecepcao>
      <NFeRetRecepcao>https://cte.sefaz.rs.gov.br/ws/cteretrecepcao/CteRetRecepcao.asmx?wsdl</NFeRetRecepcao>
      <NFeCancelamento>https://cte.sefaz.rs.gov.br/ws/ctecancelamento/ctecancelamento.asmx?wsdl</NFeCancelamento>
      <NFeInutilizacao>https://cte.sefaz.rs.gov.br/ws/cteinutilizacao/cteinutilizacao.asmx?wsdl</NFeInutilizacao>
      <NFeConsulta>https://cte.sefaz.rs.gov.br/ws/cteconsulta/cteconsulta.asmx?wsdl</NFeConsulta>
      <NFeStatusServico>https://cte.sefaz.rs.gov.br/ws/ctestatusservico/ctestatusservico.asmx?wsdl</NFeStatusServico>
      <NFeConsultaCadastro></NFeConsultaCadastro>
    </URLProducao>
    <LocalHomologacao>
      <NFeRecepcao>wsdl\homologacao\HSVRSCteRecepcao.wsdl</NFeRecepcao>
      <NFeRetRecepcao>wsdl\homologacao\HSVRSCteRetRecepcao.wsdl</NFeRetRecepcao>
      <NFeCancelamento>wsdl\homologacao\HSVRSCteCancelamento.wsdl</NFeCancelamento>
      <NFeInutilizacao>wsdl\homologacao\HSVRSCteInutilizacao.wsdl</NFeInutilizacao>
      <NFeConsulta>wsdl\homologacao\HSVRSCteConsulta.wsdl</NFeConsulta>
      <NFeStatusServico>wsdl\homologacao\HSVRSCteStatusServico.wsdl</NFeStatusServico>
      <NFeConsultaCadastro>wsdl\homologacao\HSVRSCadConsultaCadastro.wsdl</NFeConsultaCadastro>
    </LocalHomologacao>
    <LocalProducao>
      <NFeRecepcao>wsdl\producao\PSVRSCteRecepcao.wsdl</NFeRecepcao>
      <NFeRetRecepcao>wsdl\producao\PSVRSCteRetRecepcao.wsdl</NFeRetRecepcao>
      <NFeCancelamento>wsdl\producao\PSVRSCteCancelamento.wsdl</NFeCancelamento>
      <NFeInutilizacao>wsdl\producao\PSVRSCteInutilizacao.wsdl</NFeInutilizacao>
      <NFeConsulta>wsdl\producao\PSVRSCteConsulta.wsdl</NFeConsulta>
      <NFeStatusServico>wsdl\producao\PSVRSCteStatusServico.wsdl</NFeStatusServico>
      <NFeConsultaCadastro>wsdl\producao\PSVRSCadConsultaCadastro.wsdl</NFeConsultaCadastro>
    </LocalProducao>
  </Estado>
  <Estado ID="13" Nome="Amazonas" UF="AM">
    <URLHomologacao>
      <NFeRecepcao>https://homologacao.cte.sefaz.rs.gov.br/ws/cterecepcao/CteRecepcao.asmx?wsdl</NFeRecepcao>
      <NFeRetRecepcao>https://homologacao.cte.sefaz.rs.gov.br/ws/cteretrecepcao/CteRetRecepcao.asmx?wsdl</NFeRetRecepcao>
      <NFeCancelamento>https://homologacao.cte.sefaz.rs.gov.br/ws/ctecancelamento/ctecancelamento.asmx?wsdl</NFeCancelamento>
      <NFeInutilizacao>https://homologacao.cte.sefaz.rs.gov.br/ws/cteinutilizacao/cteinutilizacao.asmx?wsdl</NFeInutilizacao>
      <NFeConsulta>https://homologacao.cte.sefaz.rs.gov.br/ws/cteconsulta/cteconsulta.asmx?wsdl</NFeConsulta>
      <NFeStatusServico>https://homologacao.cte.sefaz.rs.gov.br/ws/ctestatusservico/ctestatusservico.asmx?wsdl</NFeStatusServico>
      <NFeConsultaCadastro></NFeConsultaCadastro>
    </URLHomologacao>
    <URLProducao>
      <NFeRecepcao>https://cte.sefaz.rs.gov.br/ws/cterecepcao/CteRecepcao.asmx?wsdl</NFeRecepcao>
      <NFeRetRecepcao>https://cte.sefaz.rs.gov.br/ws/cteretrecepcao/CteRetRecepcao.asmx?wsdl</NFeRetRecepcao>
      <NFeCancelamento>https://cte.sefaz.rs.gov.br/ws/ctecancelamento/ctecancelamento.asmx?wsdl</NFeCancelamento>
      <NFeInutilizacao>https://cte.sefaz.rs.gov.br/ws/cteinutilizacao/cteinutilizacao.asmx?wsdl</NFeInutilizacao>
      <NFeConsulta>https://cte.sefaz.rs.gov.br/ws/cteconsulta/cteconsulta.asmx?wsdl</NFeConsulta>
      <NFeStatusServico>https://cte.sefaz.rs.gov.br/ws/ctestatusservico/ctestatusservico.asmx?wsdl</NFeStatusServico>
      <NFeConsultaCadastro></NFeConsultaCadastro>
    </URLProducao>
    <LocalHomologacao>
      <NFeRecepcao>wsdl\homologacao\HSVRSCteRecepcao.wsdl</NFeRecepcao>
      <NFeRetRecepcao>wsdl\homologacao\HSVRSCteRetRecepcao.wsdl</NFeRetRecepcao>
      <NFeCancelamento>wsdl\homologacao\HSVRSCteCancelamento.wsdl</NFeCancelamento>
      <NFeInutilizacao>wsdl\homologacao\HSVRSCteInutilizacao.wsdl</NFeInutilizacao>
      <NFeConsulta>wsdl\homologacao\HSVRSCteConsulta.wsdl</NFeConsulta>
      <NFeStatusServico>wsdl\homologacao\HSVRSCteStatusServico.wsdl</NFeStatusServico>
      <NFeConsultaCadastro>wsdl\homologacao\HSVRSCadConsultaCadastro.wsdl</NFeConsultaCadastro>
    </LocalHomologacao>
    <LocalProducao>
      <NFeRecepcao>wsdl\producao\PSVRSCteRecepcao.wsdl</NFeRecepcao>
      <NFeRetRecepcao>wsdl\producao\PSVRSCteRetRecepcao.wsdl</NFeRetRecepcao>
      <NFeCancelamento>wsdl\producao\PSVRSCteCancelamento.wsdl</NFeCancelamento>
      <NFeInutilizacao>wsdl\producao\PSVRSCteInutilizacao.wsdl</NFeInutilizacao>
      <NFeConsulta>wsdl\producao\PSVRSCteConsulta.wsdl</NFeConsulta>
      <NFeStatusServico>wsdl\producao\PSVRSCteStatusServico.wsdl</NFeStatusServico>
      <NFeConsultaCadastro>wsdl\producao\PSVRSCadConsultaCadastro.wsdl</NFeConsultaCadastro>
    </LocalProducao>
  </Estado>
  <Estado ID="29" Nome="Bahia" UF="BA">
    <URLHomologacao>
      <NFeRecepcao>https://homologacao.cte.sefaz.rs.gov.br/ws/cterecepcao/CteRecepcao.asmx?wsdl</NFeRecepcao>
      <NFeRetRecepcao>https://homologacao.cte.sefaz.rs.gov.br/ws/cteretrecepcao/CteRetRecepcao.asmx?wsdl</NFeRetRecepcao>
      <NFeCancelamento>https://homologacao.cte.sefaz.rs.gov.br/ws/ctecancelamento/ctecancelamento.asmx?wsdl</NFeCancelamento>
      <NFeInutilizacao>https://homologacao.cte.sefaz.rs.gov.br/ws/cteinutilizacao/cteinutilizacao.asmx?wsdl</NFeInutilizacao>
      <NFeConsulta>https://homologacao.cte.sefaz.rs.gov.br/ws/cteconsulta/cteconsulta.asmx?wsdl</NFeConsulta>
      <NFeStatusServico>https://homologacao.cte.sefaz.rs.gov.br/ws/ctestatusservico/ctestatusservico.asmx?wsdl</NFeStatusServico>
      <NFeConsultaCadastro></NFeConsultaCadastro>
    </URLHomologacao>
    <URLProducao>
      <NFeRecepcao>https://cte.sefaz.rs.gov.br/ws/cterecepcao/CteRecepcao.asmx?wsdl</NFeRecepcao>
      <NFeRetRecepcao>https://cte.sefaz.rs.gov.br/ws/cteretrecepcao/CteRetRecepcao.asmx?wsdl</NFeRetRecepcao>
      <NFeCancelamento>https://cte.sefaz.rs.gov.br/ws/ctecancelamento/ctecancelamento.asmx?wsdl</NFeCancelamento>
      <NFeInutilizacao>https://cte.sefaz.rs.gov.br/ws/cteinutilizacao/cteinutilizacao.asmx?wsdl</NFeInutilizacao>
      <NFeConsulta>https://cte.sefaz.rs.gov.br/ws/cteconsulta/cteconsulta.asmx?wsdl</NFeConsulta>
      <NFeStatusServico>https://cte.sefaz.rs.gov.br/ws/ctestatusservico/ctestatusservico.asmx?wsdl</NFeStatusServico>
      <NFeConsultaCadastro></NFeConsultaCadastro>
    </URLProducao>
    <LocalHomologacao>
      <NFeRecepcao>wsdl\homologacao\HSVRSCteRecepcao.wsdl</NFeRecepcao>
      <NFeRetRecepcao>wsdl\homologacao\HSVRSCteRetRecepcao.wsdl</NFeRetRecepcao>
      <NFeCancelamento>wsdl\homologacao\HSVRSCteCancelamento.wsdl</NFeCancelamento>
      <NFeInutilizacao>wsdl\homologacao\HSVRSCteInutilizacao.wsdl</NFeInutilizacao>
      <NFeConsulta>wsdl\homologacao\HSVRSCteConsulta.wsdl</NFeConsulta>
      <NFeStatusServico>wsdl\homologacao\HSVRSCteStatusServico.wsdl</NFeStatusServico>
      <NFeConsultaCadastro>wsdl\homologacao\HSVRSCadConsultaCadastro.wsdl</NFeConsultaCadastro>
    </LocalHomologacao>
    <LocalProducao>
      <NFeRecepcao>wsdl\producao\PSVRSCteRecepcao.wsdl</NFeRecepcao>
      <NFeRetRecepcao>wsdl\producao\PSVRSCteRetRecepcao.wsdl</NFeRetRecepcao>
      <NFeCancelamento>wsdl\producao\PSVRSCteCancelamento.wsdl</NFeCancelamento>
      <NFeInutilizacao>wsdl\producao\PSVRSCteInutilizacao.wsdl</NFeInutilizacao>
      <NFeConsulta>wsdl\producao\PSVRSCteConsulta.wsdl</NFeConsulta>
      <NFeStatusServico>wsdl\producao\PSVRSCteStatusServico.wsdl</NFeStatusServico>
      <NFeConsultaCadastro>wsdl\producao\PSVRSCadConsultaCadastro.wsdl</NFeConsultaCadastro>
    </LocalProducao>
  </Estado>
  <Estado ID="23" Nome="Ceará" UF="CE">
    <URLHomologacao>
      <NFeRecepcao>https://homologacao.cte.sefaz.rs.gov.br/ws/cterecepcao/CteRecepcao.asmx?wsdl</NFeRecepcao>
      <NFeRetRecepcao>https://homologacao.cte.sefaz.rs.gov.br/ws/cteretrecepcao/CteRetRecepcao.asmx?wsdl</NFeRetRecepcao>
      <NFeCancelamento>https://homologacao.cte.sefaz.rs.gov.br/ws/ctecancelamento/ctecancelamento.asmx?wsdl</NFeCancelamento>
      <NFeInutilizacao>https://homologacao.cte.sefaz.rs.gov.br/ws/cteinutilizacao/cteinutilizacao.asmx?wsdl</NFeInutilizacao>
      <NFeConsulta>https://homologacao.cte.sefaz.rs.gov.br/ws/cteconsulta/cteconsulta.asmx?wsdl</NFeConsulta>
      <NFeStatusServico>https://homologacao.cte.sefaz.rs.gov.br/ws/ctestatusservico/ctestatusservico.asmx?wsdl</NFeStatusServico>
      <NFeConsultaCadastro></NFeConsultaCadastro>
    </URLHomologacao>
    <URLProducao>
      <NFeRecepcao>https://cte.sefaz.rs.gov.br/ws/cterecepcao/CteRecepcao.asmx?wsdl</NFeRecepcao>
      <NFeRetRecepcao>https://cte.sefaz.rs.gov.br/ws/cteretrecepcao/CteRetRecepcao.asmx?wsdl</NFeRetRecepcao>
      <NFeCancelamento>https://cte.sefaz.rs.gov.br/ws/ctecancelamento/ctecancelamento.asmx?wsdl</NFeCancelamento>
      <NFeInutilizacao>https://cte.sefaz.rs.gov.br/ws/cteinutilizacao/cteinutilizacao.asmx?wsdl</NFeInutilizacao>
      <NFeConsulta>https://cte.sefaz.rs.gov.br/ws/cteconsulta/cteconsulta.asmx?wsdl</NFeConsulta>
      <NFeStatusServico>https://cte.sefaz.rs.gov.br/ws/ctestatusservico/ctestatusservico.asmx?wsdl</NFeStatusServico>
      <NFeConsultaCadastro></NFeConsultaCadastro>
    </URLProducao>
    <LocalHomologacao>
      <NFeRecepcao>wsdl\homologacao\HSVRSCteRecepcao.wsdl</NFeRecepcao>
      <NFeRetRecepcao>wsdl\homologacao\HSVRSCteRetRecepcao.wsdl</NFeRetRecepcao>
      <NFeCancelamento>wsdl\homologacao\HSVRSCteCancelamento.wsdl</NFeCancelamento>
      <NFeInutilizacao>wsdl\homologacao\HSVRSCteInutilizacao.wsdl</NFeInutilizacao>
      <NFeConsulta>wsdl\homologacao\HSVRSCteConsulta.wsdl</NFeConsulta>
      <NFeStatusServico>wsdl\homologacao\HSVRSCteStatusServico.wsdl</NFeStatusServico>
      <NFeConsultaCadastro>wsdl\homologacao\HSVRSCadConsultaCadastro.wsdl</NFeConsultaCadastro>
    </LocalHomologacao>
    <LocalProducao>
      <NFeRecepcao>wsdl\producao\PSVRSCteRecepcao.wsdl</NFeRecepcao>
      <NFeRetRecepcao>wsdl\producao\PSVRSCteRetRecepcao.wsdl</NFeRetRecepcao>
      <NFeCancelamento>wsdl\producao\PSVRSCteCancelamento.wsdl</NFeCancelamento>
      <NFeInutilizacao>wsdl\producao\PSVRSCteInutilizacao.wsdl</NFeInutilizacao>
      <NFeConsulta>wsdl\producao\PSVRSCteConsulta.wsdl</NFeConsulta>
      <NFeStatusServico>wsdl\producao\PSVRSCteStatusServico.wsdl</NFeStatusServico>
      <NFeConsultaCadastro>wsdl\producao\PSVRSCadConsultaCadastro.wsdl</NFeConsultaCadastro>
    </LocalProducao>
  </Estado>
  <Estado ID="52" Nome="Goiás" UF="GO">
    <URLHomologacao>
      <NFeRecepcao>https://homologacao.cte.sefaz.rs.gov.br/ws/cterecepcao/CteRecepcao.asmx?wsdl</NFeRecepcao>
      <NFeRetRecepcao>https://homologacao.cte.sefaz.rs.gov.br/ws/cteretrecepcao/CteRetRecepcao.asmx?wsdl</NFeRetRecepcao>
      <NFeCancelamento>https://homologacao.cte.sefaz.rs.gov.br/ws/ctecancelamento/ctecancelamento.asmx?wsdl</NFeCancelamento>
      <NFeInutilizacao>https://homologacao.cte.sefaz.rs.gov.br/ws/cteinutilizacao/cteinutilizacao.asmx?wsdl</NFeInutilizacao>
      <NFeConsulta>https://homologacao.cte.sefaz.rs.gov.br/ws/cteconsulta/cteconsulta.asmx?wsdl</NFeConsulta>
      <NFeStatusServico>https://homologacao.cte.sefaz.rs.gov.br/ws/ctestatusservico/ctestatusservico.asmx?wsdl</NFeStatusServico>
      <NFeConsultaCadastro></NFeConsultaCadastro>
    </URLHomologacao>
    <URLProducao>
      <NFeRecepcao>https://cte.sefaz.rs.gov.br/ws/cterecepcao/CteRecepcao.asmx?wsdl</NFeRecepcao>
      <NFeRetRecepcao>https://cte.sefaz.rs.gov.br/ws/cteretrecepcao/CteRetRecepcao.asmx?wsdl</NFeRetRecepcao>
      <NFeCancelamento>https://cte.sefaz.rs.gov.br/ws/ctecancelamento/ctecancelamento.asmx?wsdl</NFeCancelamento>
      <NFeInutilizacao>https://cte.sefaz.rs.gov.br/ws/cteinutilizacao/cteinutilizacao.asmx?wsdl</NFeInutilizacao>
      <NFeConsulta>https://cte.sefaz.rs.gov.br/ws/cteconsulta/cteconsulta.asmx?wsdl</NFeConsulta>
      <NFeStatusServico>https://cte.sefaz.rs.gov.br/ws/ctestatusservico/ctestatusservico.asmx?wsdl</NFeStatusServico>
      <NFeConsultaCadastro></NFeConsultaCadastro>
    </URLProducao>
    <LocalHomologacao>
      <NFeRecepcao>wsdl\homologacao\HSVRSCteRecepcao.wsdl</NFeRecepcao>
      <NFeRetRecepcao>wsdl\homologacao\HSVRSCteRetRecepcao.wsdl</NFeRetRecepcao>
      <NFeCancelamento>wsdl\homologacao\HSVRSCteCancelamento.wsdl</NFeCancelamento>
      <NFeInutilizacao>wsdl\homologacao\HSVRSCteInutilizacao.wsdl</NFeInutilizacao>
      <NFeConsulta>wsdl\homologacao\HSVRSCteConsulta.wsdl</NFeConsulta>
      <NFeStatusServico>wsdl\homologacao\HSVRSCteStatusServico.wsdl</NFeStatusServico>
      <NFeConsultaCadastro>wsdl\homologacao\HSVRSCadConsultaCadastro.wsdl</NFeConsultaCadastro>
    </LocalHomologacao>
    <LocalProducao>
      <NFeRecepcao>wsdl\producao\PSVRSCteRecepcao.wsdl</NFeRecepcao>
      <NFeRetRecepcao>wsdl\producao\PSVRSCteRetRecepcao.wsdl</NFeRetRecepcao>
      <NFeCancelamento>wsdl\producao\PSVRSCteCancelamento.wsdl</NFeCancelamento>
      <NFeInutilizacao>wsdl\producao\PSVRSCteInutilizacao.wsdl</NFeInutilizacao>
      <NFeConsulta>wsdl\producao\PSVRSCteConsulta.wsdl</NFeConsulta>
      <NFeStatusServico>wsdl\producao\PSVRSCteStatusServico.wsdl</NFeStatusServico>
      <NFeConsultaCadastro>wsdl\producao\PSVRSCadConsultaCadastro.wsdl</NFeConsultaCadastro>
    </LocalProducao>
  </Estado>
  <Estado ID="21" Nome="Maranhão" UF="MA">
    <URLHomologacao>
      <NFeRecepcao>https://homologacao.cte.sefaz.rs.gov.br/ws/cterecepcao/CteRecepcao.asmx?wsdl</NFeRecepcao>
      <NFeRetRecepcao>https://homologacao.cte.sefaz.rs.gov.br/ws/cteretrecepcao/CteRetRecepcao.asmx?wsdl</NFeRetRecepcao>
      <NFeCancelamento>https://homologacao.cte.sefaz.rs.gov.br/ws/ctecancelamento/ctecancelamento.asmx?wsdl</NFeCancelamento>
      <NFeInutilizacao>https://homologacao.cte.sefaz.rs.gov.br/ws/cteinutilizacao/cteinutilizacao.asmx?wsdl</NFeInutilizacao>
      <NFeConsulta>https://homologacao.cte.sefaz.rs.gov.br/ws/cteconsulta/cteconsulta.asmx?wsdl</NFeConsulta>
      <NFeStatusServico>https://homologacao.cte.sefaz.rs.gov.br/ws/ctestatusservico/ctestatusservico.asmx?wsdl</NFeStatusServico>
      <NFeConsultaCadastro></NFeConsultaCadastro>
    </URLHomologacao>
    <URLProducao>
      <NFeRecepcao>https://cte.sefaz.rs.gov.br/ws/cterecepcao/CteRecepcao.asmx?wsdl</NFeRecepcao>
      <NFeRetRecepcao>https://cte.sefaz.rs.gov.br/ws/cteretrecepcao/CteRetRecepcao.asmx?wsdl</NFeRetRecepcao>
      <NFeCancelamento>https://cte.sefaz.rs.gov.br/ws/ctecancelamento/ctecancelamento.asmx?wsdl</NFeCancelamento>
      <NFeInutilizacao>https://cte.sefaz.rs.gov.br/ws/cteinutilizacao/cteinutilizacao.asmx?wsdl</NFeInutilizacao>
      <NFeConsulta>https://cte.sefaz.rs.gov.br/ws/cteconsulta/cteconsulta.asmx?wsdl</NFeConsulta>
      <NFeStatusServico>https://cte.sefaz.rs.gov.br/ws/ctestatusservico/ctestatusservico.asmx?wsdl</NFeStatusServico>
      <NFeConsultaCadastro></NFeConsultaCadastro>
    </URLProducao>
    <LocalHomologacao>
      <NFeRecepcao>wsdl\homologacao\HSVRSCteRecepcao.wsdl</NFeRecepcao>
      <NFeRetRecepcao>wsdl\homologacao\HSVRSCteRetRecepcao.wsdl</NFeRetRecepcao>
      <NFeCancelamento>wsdl\homologacao\HSVRSCteCancelamento.wsdl</NFeCancelamento>
      <NFeInutilizacao>wsdl\homologacao\HSVRSCteInutilizacao.wsdl</NFeInutilizacao>
      <NFeConsulta>wsdl\homologacao\HSVRSCteConsulta.wsdl</NFeConsulta>
      <NFeStatusServico>wsdl\homologacao\HSVRSCteStatusServico.wsdl</NFeStatusServico>
      <NFeConsultaCadastro>wsdl\homologacao\HSVRSCadConsultaCadastro.wsdl</NFeConsultaCadastro>
    </LocalHomologacao>
    <LocalProducao>
      <NFeRecepcao>wsdl\producao\PSVRSCteRecepcao.wsdl</NFeRecepcao>
      <NFeRetRecepcao>wsdl\producao\PSVRSCteRetRecepcao.wsdl</NFeRetRecepcao>
      <NFeCancelamento>wsdl\producao\PSVRSCteCancelamento.wsdl</NFeCancelamento>
      <NFeInutilizacao>wsdl\producao\PSVRSCteInutilizacao.wsdl</NFeInutilizacao>
      <NFeConsulta>wsdl\producao\PSVRSCteConsulta.wsdl</NFeConsulta>
      <NFeStatusServico>wsdl\producao\PSVRSCteStatusServico.wsdl</NFeStatusServico>
      <NFeConsultaCadastro>wsdl\producao\PSVRSCadConsultaCadastro.wsdl</NFeConsultaCadastro>
    </LocalProducao>
  </Estado>
  <Estado ID="33" Nome="Rio de Janeiro" UF="RJ">
    <URLHomologacao>
      <NFeRecepcao>https://homologacao.cte.sefaz.rs.gov.br/ws/cterecepcao/CteRecepcao.asmx?wsdl</NFeRecepcao>
      <NFeRetRecepcao>https://homologacao.cte.sefaz.rs.gov.br/ws/cteretrecepcao/CteRetRecepcao.asmx?wsdl</NFeRetRecepcao>
      <NFeCancelamento>https://homologacao.cte.sefaz.rs.gov.br/ws/ctecancelamento/ctecancelamento.asmx?wsdl</NFeCancelamento>
      <NFeInutilizacao>https://homologacao.cte.sefaz.rs.gov.br/ws/cteinutilizacao/cteinutilizacao.asmx?wsdl</NFeInutilizacao>
      <NFeConsulta>https://homologacao.cte.sefaz.rs.gov.br/ws/cteconsulta/cteconsulta.asmx?wsdl</NFeConsulta>
      <NFeStatusServico>https://homologacao.cte.sefaz.rs.gov.br/ws/ctestatusservico/ctestatusservico.asmx?wsdl</NFeStatusServico>
      <NFeConsultaCadastro></NFeConsultaCadastro>
    </URLHomologacao>
    <URLProducao>
      <NFeRecepcao>https://cte.sefaz.rs.gov.br/ws/cterecepcao/CteRecepcao.asmx?wsdl</NFeRecepcao>
      <NFeRetRecepcao>https://cte.sefaz.rs.gov.br/ws/cteretrecepcao/CteRetRecepcao.asmx?wsdl</NFeRetRecepcao>
      <NFeCancelamento>https://cte.sefaz.rs.gov.br/ws/ctecancelamento/ctecancelamento.asmx?wsdl</NFeCancelamento>
      <NFeInutilizacao>https://cte.sefaz.rs.gov.br/ws/cteinutilizacao/cteinutilizacao.asmx?wsdl</NFeInutilizacao>
      <NFeConsulta>https://cte.sefaz.rs.gov.br/ws/cteconsulta/cteconsulta.asmx?wsdl</NFeConsulta>
      <NFeStatusServico>https://cte.sefaz.rs.gov.br/ws/ctestatusservico/ctestatusservico.asmx?wsdl</NFeStatusServico>
      <NFeConsultaCadastro></NFeConsultaCadastro>
    </URLProducao>
    <LocalHomologacao>
      <NFeRecepcao>wsdl\homologacao\HSVRSCteRecepcao.wsdl</NFeRecepcao>
      <NFeRetRecepcao>wsdl\homologacao\HSVRSCteRetRecepcao.wsdl</NFeRetRecepcao>
      <NFeCancelamento>wsdl\homologacao\HSVRSCteCancelamento.wsdl</NFeCancelamento>
      <NFeInutilizacao>wsdl\homologacao\HSVRSCteInutilizacao.wsdl</NFeInutilizacao>
      <NFeConsulta>wsdl\homologacao\HSVRSCteConsulta.wsdl</NFeConsulta>
      <NFeStatusServico>wsdl\homologacao\HSVRSCteStatusServico.wsdl</NFeStatusServico>
      <NFeConsultaCadastro>wsdl\homologacao\HSVRSCadConsultaCadastro.wsdl</NFeConsultaCadastro>
    </LocalHomologacao>
    <LocalProducao>
      <NFeRecepcao>wsdl\producao\PSVRSCteRecepcao.wsdl</NFeRecepcao>
      <NFeRetRecepcao>wsdl\producao\PSVRSCteRetRecepcao.wsdl</NFeRetRecepcao>
      <NFeCancelamento>wsdl\producao\PSVRSCteCancelamento.wsdl</NFeCancelamento>
      <NFeInutilizacao>wsdl\producao\PSVRSCteInutilizacao.wsdl</NFeInutilizacao>
      <NFeConsulta>wsdl\producao\PSVRSCteConsulta.wsdl</NFeConsulta>
      <NFeStatusServico>wsdl\producao\PSVRSCteStatusServico.wsdl</NFeStatusServico>
      <NFeConsultaCadastro>wsdl\producao\PSVRSCadConsultaCadastro.wsdl</NFeConsultaCadastro>
    </LocalProducao>
  </Estado>
  <Estado ID="24" Nome="Rio Grande do Norte" UF="RN">
    <URLHomologacao>
      <NFeRecepcao>https://homologacao.cte.sefaz.rs.gov.br/ws/cterecepcao/CteRecepcao.asmx?wsdl</NFeRecepcao>
      <NFeRetRecepcao>https://homologacao.cte.sefaz.rs.gov.br/ws/cteretrecepcao/CteRetRecepcao.asmx?wsdl</NFeRetRecepcao>
      <NFeCancelamento>https://homologacao.cte.sefaz.rs.gov.br/ws/ctecancelamento/ctecancelamento.asmx?wsdl</NFeCancelamento>
      <NFeInutilizacao>https://homologacao.cte.sefaz.rs.gov.br/ws/cteinutilizacao/cteinutilizacao.asmx?wsdl</NFeInutilizacao>
      <NFeConsulta>https://homologacao.cte.sefaz.rs.gov.br/ws/cteconsulta/cteconsulta.asmx?wsdl</NFeConsulta>
      <NFeStatusServico>https://homologacao.cte.sefaz.rs.gov.br/ws/ctestatusservico/ctestatusservico.asmx?wsdl</NFeStatusServico>
      <NFeConsultaCadastro></NFeConsultaCadastro>
    </URLHomologacao>
    <URLProducao>
      <NFeRecepcao>https://cte.sefaz.rs.gov.br/ws/cterecepcao/CteRecepcao.asmx?wsdl</NFeRecepcao>
      <NFeRetRecepcao>https://cte.sefaz.rs.gov.br/ws/cteretrecepcao/CteRetRecepcao.asmx?wsdl</NFeRetRecepcao>
      <NFeCancelamento>https://cte.sefaz.rs.gov.br/ws/ctecancelamento/ctecancelamento.asmx?wsdl</NFeCancelamento>
      <NFeInutilizacao>https://cte.sefaz.rs.gov.br/ws/cteinutilizacao/cteinutilizacao.asmx?wsdl</NFeInutilizacao>
      <NFeConsulta>https://cte.sefaz.rs.gov.br/ws/cteconsulta/cteconsulta.asmx?wsdl</NFeConsulta>
      <NFeStatusServico>https://cte.sefaz.rs.gov.br/ws/ctestatusservico/ctestatusservico.asmx?wsdl</NFeStatusServico>
      <NFeConsultaCadastro></NFeConsultaCadastro>
    </URLProducao>
    <LocalHomologacao>
      <NFeRecepcao>wsdl\homologacao\HSVRSCteRecepcao.wsdl</NFeRecepcao>
      <NFeRetRecepcao>wsdl\homologacao\HSVRSCteRetRecepcao.wsdl</NFeRetRecepcao>
      <NFeCancelamento>wsdl\homologacao\HSVRSCteCancelamento.wsdl</NFeCancelamento>
      <NFeInutilizacao>wsdl\homologacao\HSVRSCteInutilizacao.wsdl</NFeInutilizacao>
      <NFeConsulta>wsdl\homologacao\HSVRSCteConsulta.wsdl</NFeConsulta>
      <NFeStatusServico>wsdl\homologacao\HSVRSCteStatusServico.wsdl</NFeStatusServico>
      <NFeConsultaCadastro>wsdl\homologacao\HSVRSCadConsultaCadastro.wsdl</NFeConsultaCadastro>
    </LocalHomologacao>
    <LocalProducao>
      <NFeRecepcao>wsdl\producao\PSVRSCteRecepcao.wsdl</NFeRecepcao>
      <NFeRetRecepcao>wsdl\producao\PSVRSCteRetRecepcao.wsdl</NFeRetRecepcao>
      <NFeCancelamento>wsdl\producao\PSVRSCteCancelamento.wsdl</NFeCancelamento>
      <NFeInutilizacao>wsdl\producao\PSVRSCteInutilizacao.wsdl</NFeInutilizacao>
      <NFeConsulta>wsdl\producao\PSVRSCteConsulta.wsdl</NFeConsulta>
      <NFeStatusServico>wsdl\producao\PSVRSCteStatusServico.wsdl</NFeStatusServico>
      <NFeConsultaCadastro>wsdl\producao\PSVRSCadConsultaCadastro.wsdl</NFeConsultaCadastro>
    </LocalProducao>
  </Estado>
  <Estado ID="11" Nome="Rondonia" UF="RO">
    <URLHomologacao>
      <NFeRecepcao>https://homologacao.cte.sefaz.rs.gov.br/ws/cterecepcao/CteRecepcao.asmx?wsdl</NFeRecepcao>
      <NFeRetRecepcao>https://homologacao.cte.sefaz.rs.gov.br/ws/cteretrecepcao/CteRetRecepcao.asmx?wsdl</NFeRetRecepcao>
      <NFeCancelamento>https://homologacao.cte.sefaz.rs.gov.br/ws/ctecancelamento/ctecancelamento.asmx?wsdl</NFeCancelamento>
      <NFeInutilizacao>https://homologacao.cte.sefaz.rs.gov.br/ws/cteinutilizacao/cteinutilizacao.asmx?wsdl</NFeInutilizacao>
      <NFeConsulta>https://homologacao.cte.sefaz.rs.gov.br/ws/cteconsulta/cteconsulta.asmx?wsdl</NFeConsulta>
      <NFeStatusServico>https://homologacao.cte.sefaz.rs.gov.br/ws/ctestatusservico/ctestatusservico.asmx?wsdl</NFeStatusServico>
      <NFeConsultaCadastro></NFeConsultaCadastro>
    </URLHomologacao>
    <URLProducao>
      <NFeRecepcao>https://cte.sefaz.rs.gov.br/ws/cterecepcao/CteRecepcao.asmx?wsdl</NFeRecepcao>
      <NFeRetRecepcao>https://cte.sefaz.rs.gov.br/ws/cteretrecepcao/CteRetRecepcao.asmx?wsdl</NFeRetRecepcao>
      <NFeCancelamento>https://cte.sefaz.rs.gov.br/ws/ctecancelamento/ctecancelamento.asmx?wsdl</NFeCancelamento>
      <NFeInutilizacao>https://cte.sefaz.rs.gov.br/ws/cteinutilizacao/cteinutilizacao.asmx?wsdl</NFeInutilizacao>
      <NFeConsulta>https://cte.sefaz.rs.gov.br/ws/cteconsulta/cteconsulta.asmx?wsdl</NFeConsulta>
      <NFeStatusServico>https://cte.sefaz.rs.gov.br/ws/ctestatusservico/ctestatusservico.asmx?wsdl</NFeStatusServico>
      <NFeConsultaCadastro></NFeConsultaCadastro>
    </URLProducao>
    <LocalHomologacao>
      <NFeRecepcao>wsdl\homologacao\HSVRSCteRecepcao.wsdl</NFeRecepcao>
      <NFeRetRecepcao>wsdl\homologacao\HSVRSCteRetRecepcao.wsdl</NFeRetRecepcao>
      <NFeCancelamento>wsdl\homologacao\HSVRSCteCancelamento.wsdl</NFeCancelamento>
      <NFeInutilizacao>wsdl\homologacao\HSVRSCteInutilizacao.wsdl</NFeInutilizacao>
      <NFeConsulta>wsdl\homologacao\HSVRSCteConsulta.wsdl</NFeConsulta>
      <NFeStatusServico>wsdl\homologacao\HSVRSCteStatusServico.wsdl</NFeStatusServico>
      <NFeConsultaCadastro>wsdl\homologacao\HSVRSCadConsultaCadastro.wsdl</NFeConsultaCadastro>
    </LocalHomologacao>
    <LocalProducao>
      <NFeRecepcao>wsdl\producao\PSVRSCteRecepcao.wsdl</NFeRecepcao>
      <NFeRetRecepcao>wsdl\producao\PSVRSCteRetRecepcao.wsdl</NFeRetRecepcao>
      <NFeCancelamento>wsdl\producao\PSVRSCteCancelamento.wsdl</NFeCancelamento>
      <NFeInutilizacao>wsdl\producao\PSVRSCteInutilizacao.wsdl</NFeInutilizacao>
      <NFeConsulta>wsdl\producao\PSVRSCteConsulta.wsdl</NFeConsulta>
      <NFeStatusServico>wsdl\producao\PSVRSCteStatusServico.wsdl</NFeStatusServico>
      <NFeConsultaCadastro>wsdl\producao\PSVRSCadConsultaCadastro.wsdl</NFeConsultaCadastro>
    </LocalProducao>
  </Estado>
  <Estado ID="42" Nome="Santa Catarina" UF="SC">
    <URLHomologacao>
      <NFeRecepcao>https://homologacao.cte.sefaz.rs.gov.br/ws/cterecepcao/CteRecepcao.asmx?wsdl</NFeRecepcao>
      <NFeRetRecepcao>https://homologacao.cte.sefaz.rs.gov.br/ws/cteretrecepcao/CteRetRecepcao.asmx?wsdl</NFeRetRecepcao>
      <NFeCancelamento>https://homologacao.cte.sefaz.rs.gov.br/ws/ctecancelamento/ctecancelamento.asmx?wsdl</NFeCancelamento>
      <NFeInutilizacao>https://homologacao.cte.sefaz.rs.gov.br/ws/cteinutilizacao/cteinutilizacao.asmx?wsdl</NFeInutilizacao>
      <NFeConsulta>https://homologacao.cte.sefaz.rs.gov.br/ws/cteconsulta/cteconsulta.asmx?wsdl</NFeConsulta>
      <NFeStatusServico>https://homologacao.cte.sefaz.rs.gov.br/ws/ctestatusservico/ctestatusservico.asmx?wsdl</NFeStatusServico>
      <NFeConsultaCadastro></NFeConsultaCadastro>
    </URLHomologacao>
    <URLProducao>
      <NFeRecepcao>https://cte.sefaz.rs.gov.br/ws/cterecepcao/CteRecepcao.asmx?wsdl</NFeRecepcao>
      <NFeRetRecepcao>https://cte.sefaz.rs.gov.br/ws/cteretrecepcao/CteRetRecepcao.asmx?wsdl</NFeRetRecepcao>
      <NFeCancelamento>https://cte.sefaz.rs.gov.br/ws/ctecancelamento/ctecancelamento.asmx?wsdl</NFeCancelamento>
      <NFeInutilizacao>https://cte.sefaz.rs.gov.br/ws/cteinutilizacao/cteinutilizacao.asmx?wsdl</NFeInutilizacao>
      <NFeConsulta>https://cte.sefaz.rs.gov.br/ws/cteconsulta/cteconsulta.asmx?wsdl</NFeConsulta>
      <NFeStatusServico>https://cte.sefaz.rs.gov.br/ws/ctestatusservico/ctestatusservico.asmx?wsdl</NFeStatusServico>
      <NFeConsultaCadastro></NFeConsultaCadastro>
    </URLProducao>
    <LocalHomologacao>
      <NFeRecepcao>wsdl\homologacao\HSVRSCteRecepcao.wsdl</NFeRecepcao>
      <NFeRetRecepcao>wsdl\homologacao\HSVRSCteRetRecepcao.wsdl</NFeRetRecepcao>
      <NFeCancelamento>wsdl\homologacao\HSVRSCteCancelamento.wsdl</NFeCancelamento>
      <NFeInutilizacao>wsdl\homologacao\HSVRSCteInutilizacao.wsdl</NFeInutilizacao>
      <NFeConsulta>wsdl\homologacao\HSVRSCteConsulta.wsdl</NFeConsulta>
      <NFeStatusServico>wsdl\homologacao\HSVRSCteStatusServico.wsdl</NFeStatusServico>
      <NFeConsultaCadastro>wsdl\homologacao\HSVRSCadConsultaCadastro.wsdl</NFeConsultaCadastro>
    </LocalHomologacao>
    <LocalProducao>
      <NFeRecepcao>wsdl\producao\PSVRSCteRecepcao.wsdl</NFeRecepcao>
      <NFeRetRecepcao>wsdl\producao\PSVRSCteRetRecepcao.wsdl</NFeRetRecepcao>
      <NFeCancelamento>wsdl\producao\PSVRSCteCancelamento.wsdl</NFeCancelamento>
      <NFeInutilizacao>wsdl\producao\PSVRSCteInutilizacao.wsdl</NFeInutilizacao>
      <NFeConsulta>wsdl\producao\PSVRSCteConsulta.wsdl</NFeConsulta>
      <NFeStatusServico>wsdl\producao\PSVRSCteStatusServico.wsdl</NFeStatusServico>
      <NFeConsultaCadastro>wsdl\producao\PSVRSCadConsultaCadastro.wsdl</NFeConsultaCadastro>
    </LocalProducao>
  </Estado>
  <Estado ID="28" Nome="Sergipe" UF="SE">
    <URLHomologacao>
      <NFeRecepcao>https://homologacao.cte.sefaz.rs.gov.br/ws/cterecepcao/CteRecepcao.asmx?wsdl</NFeRecepcao>
      <NFeRetRecepcao>https://homologacao.cte.sefaz.rs.gov.br/ws/cteretrecepcao/CteRetRecepcao.asmx?wsdl</NFeRetRecepcao>
      <NFeCancelamento>https://homologacao.cte.sefaz.rs.gov.br/ws/ctecancelamento/ctecancelamento.asmx?wsdl</NFeCancelamento>
      <NFeInutilizacao>https://homologacao.cte.sefaz.rs.gov.br/ws/cteinutilizacao/cteinutilizacao.asmx?wsdl</NFeInutilizacao>
      <NFeConsulta>https://homologacao.cte.sefaz.rs.gov.br/ws/cteconsulta/cteconsulta.asmx?wsdl</NFeConsulta>
      <NFeStatusServico>https://homologacao.cte.sefaz.rs.gov.br/ws/ctestatusservico/ctestatusservico.asmx?wsdl</NFeStatusServico>
      <NFeConsultaCadastro></NFeConsultaCadastro>
    </URLHomologacao>
    <URLProducao>
      <NFeRecepcao>https://cte.sefaz.rs.gov.br/ws/cterecepcao/CteRecepcao.asmx?wsdl</NFeRecepcao>
      <NFeRetRecepcao>https://cte.sefaz.rs.gov.br/ws/cteretrecepcao/CteRetRecepcao.asmx?wsdl</NFeRetRecepcao>
      <NFeCancelamento>https://cte.sefaz.rs.gov.br/ws/ctecancelamento/ctecancelamento.asmx?wsdl</NFeCancelamento>
      <NFeInutilizacao>https://cte.sefaz.rs.gov.br/ws/cteinutilizacao/cteinutilizacao.asmx?wsdl</NFeInutilizacao>
      <NFeConsulta>https://cte.sefaz.rs.gov.br/ws/cteconsulta/cteconsulta.asmx?wsdl</NFeConsulta>
      <NFeStatusServico>https://cte.sefaz.rs.gov.br/ws/ctestatusservico/ctestatusservico.asmx?wsdl</NFeStatusServico>
      <NFeConsultaCadastro></NFeConsultaCadastro>
    </URLProducao>
    <LocalHomologacao>
      <NFeRecepcao>wsdl\homologacao\HSVRSCteRecepcao.wsdl</NFeRecepcao>
      <NFeRetRecepcao>wsdl\homologacao\HSVRSCteRetRecepcao.wsdl</NFeRetRecepcao>
      <NFeCancelamento>wsdl\homologacao\HSVRSCteCancelamento.wsdl</NFeCancelamento>
      <NFeInutilizacao>wsdl\homologacao\HSVRSCteInutilizacao.wsdl</NFeInutilizacao>
      <NFeConsulta>wsdl\homologacao\HSVRSCteConsulta.wsdl</NFeConsulta>
      <NFeStatusServico>wsdl\homologacao\HSVRSCteStatusServico.wsdl</NFeStatusServico>
      <NFeConsultaCadastro>wsdl\homologacao\HSVRSCadConsultaCadastro.wsdl</NFeConsultaCadastro>
    </LocalHomologacao>
    <LocalProducao>
      <NFeRecepcao>wsdl\producao\PSVRSCteRecepcao.wsdl</NFeRecepcao>
      <NFeRetRecepcao>wsdl\producao\PSVRSCteRetRecepcao.wsdl</NFeRetRecepcao>
      <NFeCancelamento>wsdl\producao\PSVRSCteCancelamento.wsdl</NFeCancelamento>
      <NFeInutilizacao>wsdl\producao\PSVRSCteInutilizacao.wsdl</NFeInutilizacao>
      <NFeConsulta>wsdl\producao\PSVRSCteConsulta.wsdl</NFeConsulta>
      <NFeStatusServico>wsdl\producao\PSVRSCteStatusServico.wsdl</NFeStatusServico>
      <NFeConsultaCadastro>wsdl\producao\PSVRSCadConsultaCadastro.wsdl</NFeConsultaCadastro>
    </LocalProducao>
  </Estado>
  <Estado ID="17" Nome="Tocantins" UF="TO">
    <URLHomologacao>
      <NFeRecepcao>https://homologacao.cte.sefaz.rs.gov.br/ws/cterecepcao/CteRecepcao.asmx?wsdl</NFeRecepcao>
      <NFeRetRecepcao>https://homologacao.cte.sefaz.rs.gov.br/ws/cteretrecepcao/CteRetRecepcao.asmx?wsdl</NFeRetRecepcao>
      <NFeCancelamento>https://homologacao.cte.sefaz.rs.gov.br/ws/ctecancelamento/ctecancelamento.asmx?wsdl</NFeCancelamento>
      <NFeInutilizacao>https://homologacao.cte.sefaz.rs.gov.br/ws/cteinutilizacao/cteinutilizacao.asmx?wsdl</NFeInutilizacao>
      <NFeConsulta>https://homologacao.cte.sefaz.rs.gov.br/ws/cteconsulta/cteconsulta.asmx?wsdl</NFeConsulta>
      <NFeStatusServico>https://homologacao.cte.sefaz.rs.gov.br/ws/ctestatusservico/ctestatusservico.asmx?wsdl</NFeStatusServico>
      <NFeConsultaCadastro></NFeConsultaCadastro>
    </URLHomologacao>
    <URLProducao>
      <NFeRecepcao>https://cte.sefaz.rs.gov.br/ws/cterecepcao/CteRecepcao.asmx?wsdl</NFeRecepcao>
      <NFeRetRecepcao>https://cte.sefaz.rs.gov.br/ws/cteretrecepcao/CteRetRecepcao.asmx?wsdl</NFeRetRecepcao>
      <NFeCancelamento>https://cte.sefaz.rs.gov.br/ws/ctecancelamento/ctecancelamento.asmx?wsdl</NFeCancelamento>
      <NFeInutilizacao>https://cte.sefaz.rs.gov.br/ws/cteinutilizacao/cteinutilizacao.asmx?wsdl</NFeInutilizacao>
      <NFeConsulta>https://cte.sefaz.rs.gov.br/ws/cteconsulta/cteconsulta.asmx?wsdl</NFeConsulta>
      <NFeStatusServico>https://cte.sefaz.rs.gov.br/ws/ctestatusservico/ctestatusservico.asmx?wsdl</NFeStatusServico>
      <NFeConsultaCadastro></NFeConsultaCadastro>
    </URLProducao>
    <LocalHomologacao>
      <NFeRecepcao>wsdl\homologacao\HSVRSCteRecepcao.wsdl</NFeRecepcao>
      <NFeRetRecepcao>wsdl\homologacao\HSVRSCteRetRecepcao.wsdl</NFeRetRecepcao>
      <NFeCancelamento>wsdl\homologacao\HSVRSCteCancelamento.wsdl</NFeCancelamento>
      <NFeInutilizacao>wsdl\homologacao\HSVRSCteInutilizacao.wsdl</NFeInutilizacao>
      <NFeConsulta>wsdl\homologacao\HSVRSCteConsulta.wsdl</NFeConsulta>
      <NFeStatusServico>wsdl\homologacao\HSVRSCteStatusServico.wsdl</NFeStatusServico>
      <NFeConsultaCadastro>wsdl\homologacao\HSVRSCadConsultaCadastro.wsdl</NFeConsultaCadastro>
    </LocalHomologacao>
    <LocalProducao>
      <NFeRecepcao>wsdl\producao\PSVRSCteRecepcao.wsdl</NFeRecepcao>
      <NFeRetRecepcao>wsdl\producao\PSVRSCteRetRecepcao.wsdl</NFeRetRecepcao>
      <NFeCancelamento>wsdl\producao\PSVRSCteCancelamento.wsdl</NFeCancelamento>
      <NFeInutilizacao>wsdl\producao\PSVRSCteInutilizacao.wsdl</NFeInutilizacao>
      <NFeConsulta>wsdl\producao\PSVRSCteConsulta.wsdl</NFeConsulta>
      <NFeStatusServico>wsdl\producao\PSVRSCteStatusServico.wsdl</NFeStatusServico>
      <NFeConsultaCadastro>wsdl\producao\PSVRSCadConsultaCadastro.wsdl</NFeConsultaCadastro>
    </LocalProducao>
  </Estado>
  <!--SCAN - Sistema de contingência do ambiente nacional-->
  <Estado ID="900" Nome="Servico de Contingencia do Ambiente Nacional" UF="SCAN">
    <URLHomologacao>
      <NFeRecepcao></NFeRecepcao>
      <NFeRetRecepcao></NFeRetRecepcao>
      <NFeCancelamento></NFeCancelamento>
      <NFeInutilizacao></NFeInutilizacao>
      <NFeConsulta></NFeConsulta>
      <NFeStatusServico></NFeStatusServico>
      <NFeConsultaCadastro></NFeConsultaCadastro>
    </URLHomologacao>
    <URLProducao>
      <NFeRecepcao></NFeRecepcao>
      <NFeRetRecepcao></NFeRetRecepcao>
      <NFeCancelamento></NFeCancelamento>
      <NFeInutilizacao></NFeInutilizacao>
      <NFeConsulta></NFeConsulta>
      <NFeStatusServico></NFeStatusServico>
      <NFeConsultaCadastro></NFeConsultaCadastro>
    </URLProducao>
  </Estado>
  <!-- Sequencia de tag´s de template-->
  <Estado ID="999" Nome="Template" UF="XX">
    <URLHomologacao>
      <NFeRecepcao></NFeRecepcao>
      <NFeRetRecepcao></NFeRetRecepcao>
      <NFeCancelamento></NFeCancelamento>
      <NFeInutilizacao></NFeInutilizacao>
      <NFeConsulta></NFeConsulta>
      <NFeStatusServico></NFeStatusServico>
      <NFeConsultaCadastro></NFeConsultaCadastro>
    </URLHomologacao>
    <URLProducao>
      <NFeRecepcao></NFeRecepcao>
      <NFeRetRecepcao></NFeRetRecepcao>
      <NFeCancelamento></NFeCancelamento>
      <NFeInutilizacao></NFeInutilizacao>
      <NFeConsulta></NFeConsulta>
      <NFeStatusServico></NFeStatusServico>
      <NFeConsultaCadastro></NFeConsultaCadastro>
    </URLProducao>
  </Estado>
</Webservice>