﻿<?xml version="1.0" encoding="utf-8" ?>
<Webservice>
  <!--Estados com webservices próprios-->
  <Estado ID="13" Nome="Amazonas" UF="AM">
    <URLHomologacao>
      <NFeRecepcao>https://homnfe.sefaz.am.gov.br/services2/services/NfeRecepcao2?wsdl</NFeRecepcao>
      <NFeRetRecepcao>https://homnfe.sefaz.am.gov.br/services2/services/NfeRetRecepcao2?wsdl</NFeRetRecepcao>
      <NFeCancelamento>https://homnfe.sefaz.am.gov.br/services2/services/NfeCancelamento2?wsdl</NFeCancelamento>
      <NFeInutilizacao>https://homnfe.sefaz.am.gov.br/services2/services/NfeInutilizacao2?wsdl</NFeInutilizacao>
      <NFeConsulta>https://homnfe.sefaz.am.gov.br/services2/services/NfeConsulta2?wsdl</NFeConsulta>
      <NFeStatusServico>https://homnfe.sefaz.am.gov.br/services2/services/NfeStatusServico2?wsdl</NFeStatusServico>
      <NFeConsultaCadastro>https://homnfe.sefaz.am.gov.br/services2/services/cadconsultacadastro2?wsdl</NFeConsultaCadastro>
    </URLHomologacao>
    <URLProducao>
      <NFeRecepcao>https://nfe.sefaz.am.gov.br/services2/services/NfeRecepcao2?wsdl</NFeRecepcao>
      <NFeRetRecepcao>https://nfe.sefaz.am.gov.br/services2/services/NfeRetRecepcao2?wsdl</NFeRetRecepcao>
      <NFeCancelamento>https://nfe.sefaz.am.gov.br/services2/services/NfeCancelamento2?wsdl</NFeCancelamento>
      <NFeInutilizacao>https://nfe.sefaz.am.gov.br/services2/services/NfeInutilizacao2?wsdl</NFeInutilizacao>
      <NFeConsulta>https://nfe.sefaz.am.gov.br/services2/services/NfeConsulta2?wsdl</NFeConsulta>
      <NFeStatusServico>https://nfe.sefaz.am.gov.br/services2/services/NfeStatusServico2?wsdl</NFeStatusServico>
      <NFeConsultaCadastro></NFeConsultaCadastro>
    </URLProducao>
    <LocalHomologacao>
      <NFeRecepcao>wsdl\homologacao\HAMNfeRecepcao2.wsdl</NFeRecepcao>
      <NFeRetRecepcao>wsdl\homologacao\HAMNfeRetRecepcao2.wsdl</NFeRetRecepcao>
      <NFeCancelamento>wsdl\homologacao\HAMNfeCancelamento2.wsdl</NFeCancelamento>
      <NFeInutilizacao>wsdl\homologacao\HAMNfeInutilizacao2.wsdl</NFeInutilizacao>
      <NFeConsulta>wsdl\homologacao\HAMNfeConsulta2.wsdl</NFeConsulta>
      <NFeStatusServico>wsdl\homologacao\HAMNfeStatusServico2.wsdl</NFeStatusServico>
      <NFeConsultaCadastro>wsdl\homologacao\HAMCadConsultaCadastro2.wsdl</NFeConsultaCadastro>
    </LocalHomologacao>
    <LocalProducao>
      <NFeRecepcao>wsdl\producao\PAMNfeRecepcao2.wsdl</NFeRecepcao>
      <NFeRetRecepcao>wsdl\producao\PAMNfeRetRecepcao2.wsdl</NFeRetRecepcao>
      <NFeCancelamento>wsdl\producao\PAMNfeCancelamento2.wsdl</NFeCancelamento>
      <NFeInutilizacao>wsdl\producao\PAMNfeInutilizacao2.wsdl</NFeInutilizacao>
      <NFeConsulta>wsdl\producao\PAMNfeConsulta2.wsdl</NFeConsulta>
      <NFeStatusServico>wsdl\producao\PAMNfeStatusServico2.wsdl</NFeStatusServico>
      <NFeConsultaCadastro>wsdl\producao\PAMCadConsultaCadastro2.wsdl</NFeConsultaCadastro>
    </LocalProducao>
  </Estado>
  <Estado ID="29" Nome="Bahia" UF="BA">
    <URLHomologacao>
      <NFeRecepcao>https://hnfe.sefaz.ba.gov.br/webservices/nfenw/NfeRecepcao2.asmx?wsdl</NFeRecepcao>
      <NFeRetRecepcao>https://hnfe.sefaz.ba.gov.br/webservices/nfenw/NfeRetRecepcao2.asmx?wsdl</NFeRetRecepcao>
      <NFeCancelamento>https://hnfe.sefaz.ba.gov.br/webservices/nfenw/NfeCancelamento2.asmx?wsdl</NFeCancelamento>
      <NFeInutilizacao>https://hnfe.sefaz.ba.gov.br/webservices/nfenw/NfeInutilizacao2.asmx?wsdl</NFeInutilizacao>
      <NFeConsulta>https://hnfe.sefaz.ba.gov.br/webservices/nfenw/NfeConsulta2.asmx?wsdl</NFeConsulta>
      <NFeStatusServico>https://hnfe.sefaz.ba.gov.br/webservices/nfenw/NfeStatusServico2.asmx?wsdl</NFeStatusServico>
      <NFeConsultaCadastro>https://hnfe.sefaz.ba.gov.br/webservices/nfenw/CadConsultaCadastro2.asmx?wsdl</NFeConsultaCadastro>
    </URLHomologacao>
    <URLProducao>
      <NFeRecepcao>https://nfe.sefaz.ba.gov.br/webservices/nfenw/NfeRecepcao2.asmx?wsdl</NFeRecepcao>
      <NFeRetRecepcao>https://nfe.sefaz.ba.gov.br/webservices/nfenw/NfeRetRecepcao2.asmx?wsdl</NFeRetRecepcao>
      <NFeCancelamento>https://nfe.sefaz.ba.gov.br/webservices/nfenw/NfeCancelamento2.asmx?wsdl</NFeCancelamento>
      <NFeInutilizacao>https://nfe.sefaz.ba.gov.br/webservices/nfenw/NfeInutilizacao2.asmx?wsdl</NFeInutilizacao>
      <NFeConsulta>https://nfe.sefaz.ba.gov.br/webservices/nfenw/NfeConsulta2.asmx?wsdl</NFeConsulta>
      <NFeStatusServico>https://nfe.sefaz.ba.gov.br/webservices/nfenw/NfeStatusServico2.asmx?wsdl</NFeStatusServico>
      <NFeConsultaCadastro>https://nfe.sefaz.ba.gov.br/webservices/nfenw/CadConsultaCadastro2.asmx?wsdl</NFeConsultaCadastro>
    </URLProducao>
    <LocalHomologacao>
      <NFeRecepcao>wsdl\homologacao\HBANfeRecepcao2.wsdl</NFeRecepcao>
      <NFeRetRecepcao>wsdl\homologacao\HBANfeRetRecepcao2.wsdl</NFeRetRecepcao>
      <NFeCancelamento>wsdl\homologacao\HBANfeCancelamento2.wsdl</NFeCancelamento>
      <NFeInutilizacao>wsdl\homologacao\HBANfeInutilizacao2.wsdl</NFeInutilizacao>
      <NFeConsulta>wsdl\homologacao\HBANfeConsulta2.wsdl</NFeConsulta>
      <NFeStatusServico>wsdl\homologacao\HBANfeStatusServico2.wsdl</NFeStatusServico>
      <NFeConsultaCadastro>wsdl\homologacao\HBACadConsultaCadastro2.wsdl</NFeConsultaCadastro>
    </LocalHomologacao>
    <LocalProducao>
      <NFeRecepcao>wsdl\producao\PBANfeRecepcao2.wsdl</NFeRecepcao>
      <NFeRetRecepcao>wsdl\producao\PBANfeRetRecepcao2.wsdl</NFeRetRecepcao>
      <NFeCancelamento>wsdl\producao\PBANfeCancelamento2.wsdl</NFeCancelamento>
      <NFeInutilizacao>wsdl\producao\PBANfeInutilizacao2.wsdl</NFeInutilizacao>
      <NFeConsulta>wsdl\producao\PBANfeConsulta2.wsdl</NFeConsulta>
      <NFeStatusServico>wsdl\producao\PBANfeStatusServico2.wsdl</NFeStatusServico>
      <NFeConsultaCadastro>wsdl\producao\PBACadConsultaCadastro2.wsdl</NFeConsultaCadastro>
    </LocalProducao>
  </Estado>
  <Estado ID="23" Nome="Ceará" UF="CE">
    <URLHomologacao>
      <NFeRecepcao>https://nfeh.sefaz.ce.gov.br/nfe2/services/NfeRecepcao2?wsdl</NFeRecepcao>
      <NFeRetRecepcao>https://nfeh.sefaz.ce.gov.br/nfe2/services/NfeRetRecepcao2?wsdl</NFeRetRecepcao>
      <NFeCancelamento>https://nfeh.sefaz.ce.gov.br/nfe2/services/NfeCancelamento2?wsdl</NFeCancelamento>
      <NFeInutilizacao>https://nfeh.sefaz.ce.gov.br/nfe2/services/NfeInutilizacao2?wsdl</NFeInutilizacao>
      <NFeConsulta>https://nfeh.sefaz.ce.gov.br/nfe2/services/NfeConsulta2?wsdl</NFeConsulta>
      <NFeStatusServico>https://nfeh.sefaz.ce.gov.br/nfe2/services/NfeStatusServico2?wsdl</NFeStatusServico>
      <NFeConsultaCadastro>https://nfeh.sefaz.ce.gov.br/nfe2/services/NfeCadConsultaCadastro2?wsdl</NFeConsultaCadastro>
    </URLHomologacao>
    <URLProducao>
      <NFeRecepcao>https://nfe.sefaz.ce.gov.br/nfe2/services/NfeRecepcao2?wsdl</NFeRecepcao>
      <NFeRetRecepcao>https://nfe.sefaz.ce.gov.br/nfe2/services/NfeRetRecepcao2?wsdl</NFeRetRecepcao>
      <NFeCancelamento>https://nfe.sefaz.ce.gov.br/nfe2/services/NfeCancelamento2?wsdl</NFeCancelamento>
      <NFeInutilizacao>https://nfe.sefaz.ce.gov.br/nfe2/services/NfeInutilizacao2?wsdl</NFeInutilizacao>
      <NFeConsulta>https://nfe.sefaz.ce.gov.br/nfe2/services/NfeConsulta2?wsdl</NFeConsulta>
      <NFeStatusServico>https://nfe.sefaz.ce.gov.br/nfe2/services/NfeStatusServico2?wsdl</NFeStatusServico>
      <NFeConsultaCadastro>https://nfe.sefaz.ce.gov.br/nfe2/services/CadConsultaCadastro2?wsdl</NFeConsultaCadastro>
    </URLProducao>
    <LocalHomologacao>
      <NFeRecepcao>wsdl\homologacao\HCENfeRecepcao2.wsdl</NFeRecepcao>
      <NFeRetRecepcao>wsdl\homologacao\HCENfeRetRecepcao2.wsdl</NFeRetRecepcao>
      <NFeCancelamento>wsdl\homologacao\HCENfeCancelamento2.wsdl</NFeCancelamento>
      <NFeInutilizacao>wsdl\homologacao\HCENfeInutilizacao2.wsdl</NFeInutilizacao>
      <NFeConsulta>wsdl\homologacao\HCENfeConsulta2.wsdl</NFeConsulta>
      <NFeStatusServico>wsdl\homologacao\HCENfeStatusServico2.wsdl</NFeStatusServico>
      <NFeConsultaCadastro>wsdl\homologacao\HCECadConsultaCadastro2.wsdl</NFeConsultaCadastro>
    </LocalHomologacao>
    <LocalProducao>
      <NFeRecepcao>wsdl\producao\PCENfeRecepcao2.wsdl</NFeRecepcao>
      <NFeRetRecepcao>wsdl\producao\PCENfeRetRecepcao2.wsdl</NFeRetRecepcao>
      <NFeCancelamento>wsdl\producao\PCENfeCancelamento2.wsdl</NFeCancelamento>
      <NFeInutilizacao>wsdl\producao\PCENfeInutilizacao2.wsdl</NFeInutilizacao>
      <NFeConsulta>wsdl\producao\PCENfeConsulta2.wsdl</NFeConsulta>
      <NFeStatusServico>wsdl\producao\PCENfeStatusServico2.wsdl</NFeStatusServico>
      <NFeConsultaCadastro>wsdl\producao\PCECadConsultaCadastro2.wsdl</NFeConsultaCadastro>
    </LocalProducao>
  </Estado>
  <Estado ID="52" Nome="Goiás" UF="GO">
    <URLHomologacao>
      <NFeRecepcao>https://homolog.sefaz.go.gov.br/nfe/services/v2/NfeRecepcao2?wsdl</NFeRecepcao>
      <NFeRetRecepcao>https://homolog.sefaz.go.gov.br/nfe/services/v2/NfeRetRecepcao2?wsdl</NFeRetRecepcao>
      <NFeCancelamento>https://homolog.sefaz.go.gov.br/nfe/services/v2/NfeCancelamento2?wsdl</NFeCancelamento>
      <NFeInutilizacao>https://homolog.sefaz.go.gov.br/nfe/services/v2/NfeInutilizacao2?wsdl</NFeInutilizacao>
      <NFeConsulta>https://homolog.sefaz.go.gov.br/nfe/services/v2/NfeConsulta2?wsdl</NFeConsulta>
      <NFeStatusServico>https://homolog.sefaz.go.gov.br/nfe/services/v2/NfeStatusServico2?wsdl</NFeStatusServico>
      <NFeConsultaCadastro></NFeConsultaCadastro>
    </URLHomologacao>
    <URLProducao>
      <NFeRecepcao>https://nfe.sefaz.go.gov.br/nfe/services/v2/NfeRecepcao2?wsdl</NFeRecepcao>
      <NFeRetRecepcao>https://nfe.sefaz.go.gov.br/nfe/services/v2/NfeRetRecepcao2?wsdl</NFeRetRecepcao>
      <NFeCancelamento>https://nfe.sefaz.go.gov.br/nfe/services/v2/NfeCancelamento2?wsdl</NFeCancelamento>
      <NFeInutilizacao>https://nfe.sefaz.go.gov.br/nfe/services/v2/NfeInutilizacao2?wsdl</NFeInutilizacao>
      <NFeConsulta>https://nfe.sefaz.go.gov.br/nfe/services/v2/NfeConsulta2?wsdl</NFeConsulta>
      <NFeStatusServico>https://nfe.sefaz.go.gov.br/nfe/services/v2/NfeStatusServico2?wsdl</NFeStatusServico>
      <NFeConsultaCadastro></NFeConsultaCadastro>
    </URLProducao>
    <LocalHomologacao>
      <NFeRecepcao>wsdl\homologacao\HGONfeRecepcao2.wsdl</NFeRecepcao>
      <NFeRetRecepcao>wsdl\homologacao\HGONfeRetRecepcao2.wsdl</NFeRetRecepcao>
      <NFeCancelamento>wsdl\homologacao\HGONfeCancelamento2.wsdl</NFeCancelamento>
      <NFeInutilizacao>wsdl\homologacao\HGONfeInutilizacao2.wsdl</NFeInutilizacao>
      <NFeConsulta>wsdl\homologacao\HGONfeConsulta2.wsdl</NFeConsulta>
      <NFeStatusServico>wsdl\homologacao\HGONfeStatusServico2.wsdl</NFeStatusServico>
      <NFeConsultaCadastro>wsdl\homologacao\HGOCadConsultaCadastro2.wsdl</NFeConsultaCadastro>
      <NFeConsulta1>wsdl\homologacao\HGONfeConsulta.wsdl</NFeConsulta1>
    </LocalHomologacao>
    <LocalProducao>
      <NFeRecepcao>wsdl\producao\PGONfeRecepcao2.wsdl</NFeRecepcao>
      <NFeRetRecepcao>wsdl\producao\PGONfeRetRecepcao2.wsdl</NFeRetRecepcao>
      <NFeCancelamento>wsdl\producao\PGONfeCancelamento2.wsdl</NFeCancelamento>
      <NFeInutilizacao>wsdl\producao\PGONfeInutilizacao2.wsdl</NFeInutilizacao>
      <NFeConsulta>wsdl\producao\PGONfeConsulta2.wsdl</NFeConsulta>
      <NFeStatusServico>wsdl\producao\PGONfeStatusServico2.wsdl</NFeStatusServico>
      <NFeConsultaCadastro>wsdl\producao\PGOCadConsultaCadastro2.wsdl</NFeConsultaCadastro>
      <NFeConsulta1>wsdl\producao\PGONfeConsulta.wsdl</NFeConsulta1>
    </LocalProducao>
  </Estado>
  <Estado ID="31" Nome="Minas Gerais" UF="MG">
    <URLHomologacao>
      <NFeRecepcao>https://hnfe.fazenda.mg.gov.br/nfe2/services/NfeRecepcao2?wsdl</NFeRecepcao>
      <NFeRetRecepcao>https://hnfe.fazenda.mg.gov.br/nfe2/services/NfeRetRecepcao2?wsdl</NFeRetRecepcao>
      <NFeCancelamento>https://hnfe.fazenda.mg.gov.br/nfe2/services/NfeCancelamento2?wsdl</NFeCancelamento>
      <NFeInutilizacao>https://hnfe.fazenda.mg.gov.br/nfe2/services/NfeInutilizacao2?wsdl</NFeInutilizacao>
      <NFeConsulta>https://hnfe.fazenda.mg.gov.br/nfe2/services/NfeConsulta2?wsdl</NFeConsulta>
      <NFeStatusServico>https://hnfe.fazenda.mg.gov.br/nfe2/services/NfeStatus2?wsdl</NFeStatusServico>
      <NFeConsultaCadastro>https://hnfe.fazenda.mg.gov.br/nfe2/services/cadconsultacadastro2?wsdl</NFeConsultaCadastro>
    </URLHomologacao>
    <URLProducao>
      <NFeRecepcao>https://nfe.fazenda.mg.gov.br/nfe2/services/NfeRecepcao2?wsdl</NFeRecepcao>
      <NFeRetRecepcao>https://nfe.fazenda.mg.gov.br/nfe2/services/NfeRetRecepcao2?wsdl</NFeRetRecepcao>
      <NFeCancelamento>https://nfe.fazenda.mg.gov.br/nfe2/services/NfeCancelamento2?wsdl</NFeCancelamento>
      <NFeInutilizacao>https://nfe.fazenda.mg.gov.br/nfe2/services/NfeInutilizacao2?wsdl</NFeInutilizacao>
      <NFeConsulta>https://nfe.fazenda.mg.gov.br/nfe2/services/NfeConsulta2?wsdl</NFeConsulta>
      <NFeStatusServico>https://nfe.fazenda.mg.gov.br/nfe2/services/NfeStatus2?wsdl</NFeStatusServico>
      <NFeConsultaCadastro>https://nfe.fazenda.mg.gov.br/nfe2/services/cadconsultacadastro2?wsdl</NFeConsultaCadastro>
    </URLProducao>
    <LocalHomologacao>
      <NFeRecepcao>wsdl\homologacao\HMGNfeRecepcao2.wsdl</NFeRecepcao>
      <NFeRetRecepcao>wsdl\homologacao\HMGNfeRetRecepcao2.wsdl</NFeRetRecepcao>
      <NFeCancelamento>wsdl\homologacao\HMGNfeCancelamento2.wsdl</NFeCancelamento>
      <NFeInutilizacao>wsdl\homologacao\HMGNfeInutilizacao2.wsdl</NFeInutilizacao>
      <NFeConsulta>wsdl\homologacao\HMGNfeConsulta2.wsdl</NFeConsulta>
      <NFeStatusServico>wsdl\homologacao\HMGNfeStatusServico2.wsdl</NFeStatusServico>
      <NFeConsultaCadastro>wsdl\homologacao\HMGCadConsultaCadastro2.wsdl</NFeConsultaCadastro>
    </LocalHomologacao>
    <LocalProducao>
      <NFeRecepcao>wsdl\producao\PMGNfeRecepcao2.wsdl</NFeRecepcao>
      <NFeRetRecepcao>wsdl\producao\PMGNfeRetRecepcao2.wsdl</NFeRetRecepcao>
      <NFeCancelamento>wsdl\producao\PMGNfeCancelamento2.wsdl</NFeCancelamento>
      <NFeInutilizacao>wsdl\producao\PMGNfeInutilizacao2.wsdl</NFeInutilizacao>
      <NFeConsulta>wsdl\producao\PMGNfeConsulta2.wsdl</NFeConsulta>
      <NFeStatusServico>wsdl\producao\PMGNfeStatusServico2.wsdl</NFeStatusServico>
      <NFeConsultaCadastro>wsdl\producao\PMGCadConsultaCadastro2.wsdl</NFeConsultaCadastro>
    </LocalProducao>
  </Estado>
  <Estado ID="50" Nome="Mato Grosso do Sul" UF="MS">
    <URLHomologacao>
      <NFeRecepcao>https://homologacao.nfe.ms.gov.br/homologacao/services2/NfeRecepcao2.wsdl</NFeRecepcao>
      <NFeRetRecepcao>https://homologacao.nfe.ms.gov.br/homologacao/services2/NfeRetRecepcao2.wsdl</NFeRetRecepcao>
      <NFeCancelamento>https://homologacao.nfe.ms.gov.br/homologacao/services2/NfeCancelamento2.wsdl</NFeCancelamento>
      <NFeInutilizacao>https://homologacao.nfe.ms.gov.br/homologacao/services2/NfeInutilizacao2.wsdl</NFeInutilizacao>
      <NFeConsulta>https://homologacao.nfe.ms.gov.br/homologacao/services2/NfeConsulta2.wsdl</NFeConsulta>
      <NFeStatusServico>https://homologacao.nfe.ms.gov.br/homologacao/services2/NfeStatusServico2.wsdl</NFeStatusServico>
      <NFeConsultaCadastro>https://homologacao.nfe.ms.gov.br/homologacao/services2/CadConsultaCadastro2.wsdl</NFeConsultaCadastro>
    </URLHomologacao>
    <URLProducao>
      <NFeRecepcao>https://nfe.fazenda.ms.gov.br/producao/services2/NfeRecepcao2?wsdl</NFeRecepcao>
      <NFeRetRecepcao>https://nfe.fazenda.ms.gov.br/producao/services2/NfeRetRecepcao2?wsdl</NFeRetRecepcao>
      <NFeCancelamento>https://nfe.fazenda.ms.gov.br/producao/services2/NfeCancelamento2?wsdl</NFeCancelamento>
      <NFeInutilizacao>https://nfe.fazenda.ms.gov.br/producao/services2/NfeInutilizacao2?wsdl</NFeInutilizacao>
      <NFeConsulta>https://nfe.fazenda.ms.gov.br/producao/services2/NfeConsulta2?wsdl</NFeConsulta>
      <NFeStatusServico>https://nfe.fazenda.ms.gov.br/producao/services2/NfeStatusServico2?wsdl</NFeStatusServico>
      <NFeConsultaCadastro>https://nfe.fazenda.ms.gov.br/producao/services2/CadConsultaCadastro2?wsdl</NFeConsultaCadastro>
    </URLProducao>
    <LocalHomologacao>
      <NFeRecepcao>wsdl\homologacao\HMSNfeRecepcao2.wsdl</NFeRecepcao>
      <NFeRetRecepcao>wsdl\homologacao\HMSNfeRetRecepcao2.wsdl</NFeRetRecepcao>
      <NFeCancelamento>wsdl\homologacao\HMSNfeCancelamento2.wsdl</NFeCancelamento>
      <NFeInutilizacao>wsdl\homologacao\HMSNfeInutilizacao2.wsdl</NFeInutilizacao>
      <NFeConsulta>wsdl\homologacao\HMSNfeConsulta2.wsdl</NFeConsulta>
      <NFeStatusServico>wsdl\homologacao\HMSNfeStatusServico2.wsdl</NFeStatusServico>
      <NFeConsultaCadastro>wsdl\homologacao\HMSCadConsultaCadastro2.wsdl</NFeConsultaCadastro>
    </LocalHomologacao>
    <LocalProducao>
      <NFeRecepcao>wsdl\producao\PMSNfeRecepcao2.wsdl</NFeRecepcao>
      <NFeRetRecepcao>wsdl\producao\PMSNfeRetRecepcao2.wsdl</NFeRetRecepcao>
      <NFeCancelamento>wsdl\producao\PMSNfeCancelamento2.wsdl</NFeCancelamento>
      <NFeInutilizacao>wsdl\producao\PMSNfeInutilizacao2.wsdl</NFeInutilizacao>
      <NFeConsulta>wsdl\producao\PMSNfeConsulta2.wsdl</NFeConsulta>
      <NFeStatusServico>wsdl\producao\PMSNfeStatusServico2.wsdl</NFeStatusServico>
      <NFeConsultaCadastro>wsdl\producao\PMSCadConsultaCadastro2.wsdl</NFeConsultaCadastro>
    </LocalProducao>
  </Estado>
  <Estado ID="51" Nome="Mato Grosso" UF="MT">
    <URLHomologacao>
      <NFeRecepcao>https://homologacao.sefaz.mt.gov.br/nfews/v2/services/NfeRecepcao2?wsdl</NFeRecepcao>
      <NFeRetRecepcao>https://homologacao.sefaz.mt.gov.br/nfews/v2/services/NfeRetRecepcao2?wsdl</NFeRetRecepcao>
      <NFeCancelamento>https://homologacao.sefaz.mt.gov.br/nfews/v2/services/NfeCancelamento2?wsdl</NFeCancelamento>
      <NFeInutilizacao>https://homologacao.sefaz.mt.gov.br/nfews/v2/services/NfeInutilizacao2?wsdl</NFeInutilizacao>
      <NFeConsulta>https://homologacao.sefaz.mt.gov.br/nfews/v2/services/NfeConsulta2?wsdl</NFeConsulta>
      <NFeStatusServico>https://homologacao.sefaz.mt.gov.br/nfews/v2/services/NfeStatusServico2?wsdl</NFeStatusServico>
      <NFeConsultaCadastro>https://homologacao.sefaz.mt.gov.br/nfews/v2/services/CadConsultaCadastro2?wsdl</NFeConsultaCadastro>
    </URLHomologacao>
    <URLProducao>
      <NFeRecepcao>https://nfe.sefaz.mt.gov.br/nfews/v2/services/NfeRecepcao2?wsdl</NFeRecepcao>
      <NFeRetRecepcao>https://nfe.sefaz.mt.gov.br/nfews/v2/services/NfeRetRecepcao2?wsdl</NFeRetRecepcao>
      <NFeCancelamento>https://nfe.sefaz.mt.gov.br/nfews/v2/services/NfeCancelamento2?wsdl</NFeCancelamento>
      <NFeInutilizacao>https://nfe.sefaz.mt.gov.br/nfews/v2/services/NfeInutilizacao2?wsdl</NFeInutilizacao>
      <NFeConsulta>https://nfe.sefaz.mt.gov.br/nfews/v2/services/NfeConsulta2?wsdl</NFeConsulta>
      <NFeStatusServico>https://nfe.sefaz.mt.gov.br/nfews/v2/services/NfeStatusServico2?wsdl</NFeStatusServico>
      <NFeConsultaCadastro>https://nfe.sefaz.mt.gov.br/nfews/v2/services/CadConsultaCadastro2?wsdl</NFeConsultaCadastro>
    </URLProducao>
    <LocalHomologacao>
      <NFeRecepcao>wsdl\homologacao\HMTNfeRecepcao2.wsdl</NFeRecepcao>
      <NFeRetRecepcao>wsdl\homologacao\HMTNfeRetRecepcao2.wsdl</NFeRetRecepcao>
      <NFeCancelamento>wsdl\homologacao\HMTNfeCancelamento2.wsdl</NFeCancelamento>
      <NFeInutilizacao>wsdl\homologacao\HMTNfeInutilizacao2.wsdl</NFeInutilizacao>
      <NFeConsulta>wsdl\homologacao\HMTNfeConsulta2.wsdl</NFeConsulta>
      <NFeStatusServico>wsdl\homologacao\HMTNfeStatusServico2.wsdl</NFeStatusServico>
      <NFeConsultaCadastro>wsdl\homologacao\HMTCadConsultaCadastro2.wsdl</NFeConsultaCadastro>
    </LocalHomologacao>
    <LocalProducao>
      <NFeRecepcao>wsdl\producao\PMTNfeRecepcao2.wsdl</NFeRecepcao>
      <NFeRetRecepcao>wsdl\producao\PMTNfeRetRecepcao2.wsdl</NFeRetRecepcao>
      <NFeCancelamento>wsdl\producao\PMTNfeCancelamento2.wsdl</NFeCancelamento>
      <NFeInutilizacao>wsdl\producao\PMTNfeInutilizacao2.wsdl</NFeInutilizacao>
      <NFeConsulta>wsdl\producao\PMTNfeConsulta2.wsdl</NFeConsulta>
      <NFeStatusServico>wsdl\producao\PMTNfeStatusServico2.wsdl</NFeStatusServico>
      <NFeConsultaCadastro>wsdl\producao\PMTCadConsultaCadastro2.wsdl</NFeConsultaCadastro>
    </LocalProducao>
  </Estado>
  <Estado ID="26" Nome="Pernambuco" UF="PE">
    <URLHomologacao>
      <NFeRecepcao>https://nfehomolog.sefaz.pe.gov.br/nfe-service/services/NfeRecepcao2?wsdl</NFeRecepcao>
      <NFeRetRecepcao>https://nfehomolog.sefaz.pe.gov.br/nfe-service/services/NfeRetRecepcao2?wsdl</NFeRetRecepcao>
      <NFeCancelamento>https://nfehomolog.sefaz.pe.gov.br/nfe-service/services/NfeCancelamento2?wsdl</NFeCancelamento>
      <NFeInutilizacao>https://nfehomolog.sefaz.pe.gov.br/nfe-service/services/NfeInutilizacao2?wsdl</NFeInutilizacao>
      <NFeConsulta>https://nfehomolog.sefaz.pe.gov.br/nfe-service/services/NfeConsulta2?wsdl</NFeConsulta>
      <NFeStatusServico>https://nfehomolog.sefaz.pe.gov.br/nfe-service/services/NfeStatusServico2?wsdl</NFeStatusServico>
      <NFeConsultaCadastro>https://nfehomolog.sefaz.pe.gov.br/nfe-service/services/CadConsultaCadastro2?wsdl</NFeConsultaCadastro>
    </URLHomologacao>
    <URLProducao>
      <NFeRecepcao>https://nfe.sefaz.pe.gov.br/nfe-service/services/NfeRecepcao2?wsdl</NFeRecepcao>
      <NFeRetRecepcao>https://nfe.sefaz.pe.gov.br/nfe-service/services/NfeRetRecepcao2?wsdl</NFeRetRecepcao>
      <NFeCancelamento>https://nfe.sefaz.pe.gov.br/nfe-service/services/NfeCancelamento2?wsdl</NFeCancelamento>
      <NFeInutilizacao>https://nfe.sefaz.pe.gov.br/nfe-service/services/NfeInutilizacao2?wsdl</NFeInutilizacao>
      <NFeConsulta>https://nfe.sefaz.pe.gov.br/nfe-service/services/NfeConsulta2?wsdl</NFeConsulta>
      <NFeStatusServico>https://nfe.sefaz.pe.gov.br/nfe-service/services/NfeStatusServico2?wsdl</NFeStatusServico>
      <NFeConsultaCadastro>https://nfe.sefaz.pe.gov.br/nfe-service/services/CadConsultaCadastro2?wsdl</NFeConsultaCadastro>
    </URLProducao>
    <LocalHomologacao>
      <NFeRecepcao>wsdl\homologacao\HPENfeRecepcao2.wsdl</NFeRecepcao>
      <NFeRetRecepcao>wsdl\homologacao\HPENfeRetRecepcao2.wsdl</NFeRetRecepcao>
      <NFeCancelamento>wsdl\homologacao\HPENfeCancelamento2.wsdl</NFeCancelamento>
      <NFeInutilizacao>wsdl\homologacao\HPENfeInutilizacao2.wsdl</NFeInutilizacao>
      <NFeConsulta>wsdl\homologacao\HPENfeConsulta2.wsdl</NFeConsulta>
      <NFeStatusServico>wsdl\homologacao\HPENfeStatusServico2.wsdl</NFeStatusServico>
      <NFeConsultaCadastro>wsdl\homologacao\HPECadConsultaCadastro2.wsdl</NFeConsultaCadastro>
    </LocalHomologacao>
    <LocalProducao>
      <NFeRecepcao>wsdl\producao\PPENfeRecepcao2.wsdl</NFeRecepcao>
      <NFeRetRecepcao>wsdl\producao\PPENfeRetRecepcao2.wsdl</NFeRetRecepcao>
      <NFeCancelamento>wsdl\producao\PPENfeCancelamento2.wsdl</NFeCancelamento>
      <NFeInutilizacao>wsdl\producao\PPENfeInutilizacao2.wsdl</NFeInutilizacao>
      <NFeConsulta>wsdl\producao\PPENfeConsulta2.wsdl</NFeConsulta>
      <NFeStatusServico>wsdl\producao\PPENfeStatusServico2.wsdl</NFeStatusServico>
      <NFeConsultaCadastro>wsdl\producao\PPECadConsultaCadastro2.wsdl</NFeConsultaCadastro>
    </LocalProducao>
  </Estado>
  <Estado ID="41" Nome="Paraná" UF="PR">
    <URLHomologacao>
      <NFeRecepcao>https://homologacao.nfe2.fazenda.pr.gov.br/nfe/NFeRecepcao2?wsdl</NFeRecepcao>
      <NFeRetRecepcao>https://homologacao.nfe2.fazenda.pr.gov.br/nfe/NFeRetRecepcao2?wsdl</NFeRetRecepcao>
      <NFeCancelamento>https://homologacao.nfe2.fazenda.pr.gov.br/nfe/NFeCancelamento2?wsdl</NFeCancelamento>
      <NFeInutilizacao>https://homologacao.nfe2.fazenda.pr.gov.br/nfe/NFeInutilizacao2?wsdl</NFeInutilizacao>
      <NFeConsulta>https://homologacao.nfe2.fazenda.pr.gov.br/nfe/NFeConsulta2?wsdl</NFeConsulta>
      <NFeStatusServico>https://homologacao.nfe2.fazenda.pr.gov.br/nfe/NFeStatusServico2?wsdl</NFeStatusServico>
      <NFeConsultaCadastro></NFeConsultaCadastro>
    </URLHomologacao>
    <URLProducao>
      <NFeRecepcao>https://nfe2.fazenda.pr.gov.br/nfe/NFeRecepcao2?wsdl</NFeRecepcao>
      <NFeRetRecepcao>https://nfe2.fazenda.pr.gov.br/nfe/NFeRetRecepcao2?wsdl</NFeRetRecepcao>
      <NFeCancelamento>https://nfe2.fazenda.pr.gov.br/nfe/NFeCancelamento2?wsdl</NFeCancelamento>
      <NFeInutilizacao>https://nfe2.fazenda.pr.gov.br/nfe/NFeInutilizacao2?wsdl</NFeInutilizacao>
      <NFeConsulta>https://nfe2.fazenda.pr.gov.br/nfe/NFeConsulta2?wsdl</NFeConsulta>
      <NFeStatusServico>https://nfe2.fazenda.pr.gov.br/nfe/NFeStatusServico2?wsdl</NFeStatusServico>
      <NFeConsultaCadastro></NFeConsultaCadastro>
    </URLProducao>
    <LocalHomologacao>
      <NFeRecepcao>wsdl\homologacao\HPRNfeRecepcao2.wsdl</NFeRecepcao>
      <NFeRetRecepcao>wsdl\homologacao\HPRNfeRetRecepcao2.wsdl</NFeRetRecepcao>
      <NFeCancelamento>wsdl\homologacao\HPRNfeCancelamento2.wsdl</NFeCancelamento>
      <NFeInutilizacao>wsdl\homologacao\HPRNfeInutilizacao2.wsdl</NFeInutilizacao>
      <NFeConsulta>wsdl\homologacao\HPRNfeConsulta2.wsdl</NFeConsulta>
      <NFeStatusServico>wsdl\homologacao\HPRNfeStatusServico2.wsdl</NFeStatusServico>
      <NFeConsultaCadastro>wsdl\homologacao\HPRCadConsultaCadastro2.wsdl</NFeConsultaCadastro>
      <NFeConsulta1>wsdl\homologacao\HPRNfeConsulta.wsdl</NFeConsulta1>
    </LocalHomologacao>
    <LocalProducao>
      <NFeRecepcao>wsdl\producao\PPRNfeRecepcao2.wsdl</NFeRecepcao>
      <NFeRetRecepcao>wsdl\producao\PPRNfeRetRecepcao2.wsdl</NFeRetRecepcao>
      <NFeCancelamento>wsdl\producao\PPRNfeCancelamento2.wsdl</NFeCancelamento>
      <NFeInutilizacao>wsdl\producao\PPRNfeInutilizacao2.wsdl</NFeInutilizacao>
      <NFeConsulta>wsdl\producao\PPRNfeConsulta2.wsdl</NFeConsulta>
      <NFeStatusServico>wsdl\producao\PPRNfeStatusServico2.wsdl</NFeStatusServico>
      <NFeConsultaCadastro>wsdl\producao\PPRCadConsultaCadastro2.wsdl</NFeConsultaCadastro>
      <NFeConsulta1>wsdl\producao\PPRNfeConsulta.wsdl</NFeConsulta1>
    </LocalProducao>
  </Estado>
  <Estado ID="43" Nome="Rio Grande do Sul" UF="RS">
    <URLHomologacao>
      <NFeRecepcao>https://homologacao.nfe.sefaz.rs.gov.br/ws/Nferecepcao/NFeRecepcao2.asmx?wsdl</NFeRecepcao>
      <NFeRetRecepcao>https://homologacao.nfe.sefaz.rs.gov.br/ws/NfeRetRecepcao/NfeRetRecepcao2.asmx?wsdl</NFeRetRecepcao>
      <NFeCancelamento>https://homologacao.nfe.sefaz.rs.gov.br/ws/NfeCancelamento/NfeCancelamento2.asmx?wsdl</NFeCancelamento>
      <NFeInutilizacao>https://homologacao.nfe.sefaz.rs.gov.br/ws/nfeinutilizacao/nfeinutilizacao2.asmx?wsdl</NFeInutilizacao>
      <NFeConsulta>https://homologacao.nfe.sefaz.rs.gov.br/ws/NfeConsulta/NfeConsulta2.asmx?wsdl</NFeConsulta>
      <NFeStatusServico>https://homologacao.nfe.sefaz.rs.gov.br/ws/NfeStatusServico/NfeStatusServico2.asmx?WSDL</NFeStatusServico>
      <NFeConsultaCadastro></NFeConsultaCadastro>
    </URLHomologacao>
    <URLProducao>
      <NFeRecepcao>https://nfe.sefaz.rs.gov.br/ws/Nferecepcao/NFeRecepcao2.asmx?wsdl</NFeRecepcao>
      <NFeRetRecepcao>https://nfe.sefaz.rs.gov.br/ws/NfeRetRecepcao/NfeRetRecepcao2.asmx?wsdl</NFeRetRecepcao>
      <NFeCancelamento>https://nfe.sefaz.rs.gov.br/ws/NfeCancelamento/NfeCancelamento2.asmx?wsdl</NFeCancelamento>
      <NFeInutilizacao>https://nfe.sefaz.rs.gov.br/ws/nfeinutilizacao/nfeinutilizacao2.asmx?wsdl</NFeInutilizacao>
      <NFeConsulta>https://nfe.sefaz.rs.gov.br/ws/NfeConsulta/NfeConsulta2.asmx?wsdl</NFeConsulta>
      <NFeStatusServico>https://nfe.sefaz.rs.gov.br/ws/NfeStatusServico/NfeStatusServico2.asmx?wsdl</NFeStatusServico>
      <NFeConsultaCadastro>https://sef.sefaz.rs.gov.br/ws/cadconsultacadastro/cadconsultacadastro2.asmx?wsdl</NFeConsultaCadastro>
    </URLProducao>
    <LocalHomologacao>
      <NFeRecepcao>wsdl\homologacao\HRSNfeRecepcao2.wsdl</NFeRecepcao>
      <NFeRetRecepcao>wsdl\homologacao\HRSNfeRetRecepcao2.wsdl</NFeRetRecepcao>
      <NFeCancelamento>wsdl\homologacao\HRSNfeCancelamento2.wsdl</NFeCancelamento>
      <NFeInutilizacao>wsdl\homologacao\HRSNfeInutilizacao2.wsdl</NFeInutilizacao>
      <NFeConsulta>wsdl\homologacao\HRSNfeConsulta2.wsdl</NFeConsulta>
      <NFeStatusServico>wsdl\homologacao\HRSNfeStatusServico2.wsdl</NFeStatusServico>
      <NFeConsultaCadastro>wsdl\homologacao\HRSCadConsultaCadastro2.wsdl</NFeConsultaCadastro>
    </LocalHomologacao>
    <LocalProducao>
      <NFeRecepcao>wsdl\producao\PRSNfeRecepcao2.wsdl</NFeRecepcao>
      <NFeRetRecepcao>wsdl\producao\PRSNfeRetRecepcao2.wsdl</NFeRetRecepcao>
      <NFeCancelamento>wsdl\producao\PRSNfeCancelamento2.wsdl</NFeCancelamento>
      <NFeInutilizacao>wsdl\producao\PRSNfeInutilizacao2.wsdl</NFeInutilizacao>
      <NFeConsulta>wsdl\producao\PRSNfeConsulta2.wsdl</NFeConsulta>
      <NFeStatusServico>wsdl\producao\PRSNfeStatusServico2.wsdl</NFeStatusServico>
      <NFeConsultaCadastro>wsdl\producao\PRSCadConsultaCadastro2.wsdl</NFeConsultaCadastro>
    </LocalProducao>
  </Estado>
  <Estado ID="35" Nome="São Paulo" UF="SP">
    <URLHomologacao>
      <NFeRecepcao>https://homologacao.nfe.fazenda.sp.gov.br/nfeweb/services/NfeRecepcao2.asmx?wsdl</NFeRecepcao>
      <NFeRetRecepcao>https://homologacao.nfe.fazenda.sp.gov.br/nfeweb/services/NfeRetRecepcao2.asmx?wsdl</NFeRetRecepcao>
      <NFeCancelamento>https://homologacao.nfe.fazenda.sp.gov.br/nfeweb/services/NfeCancelamento2.asmx?wsdl</NFeCancelamento>
      <NFeInutilizacao>https://homologacao.nfe.fazenda.sp.gov.br/nfeweb/services/NfeInutilizacao2.asmx?wsdl</NFeInutilizacao>
      <NFeConsulta>https://homologacao.nfe.fazenda.sp.gov.br/nfeweb/services/NfeConsulta2.asmx?wsdl</NFeConsulta>
      <NFeStatusServico>https://homologacao.nfe.fazenda.sp.gov.br/nfeweb/services/NfeStatusServico2.asmx?wsdl</NFeStatusServico>
      <NFeConsultaCadastro>https://homologacao.nfe.fazenda.sp.gov.br/nfeweb/services/cadconsultacadastro2.asmx?wsdl</NFeConsultaCadastro>
    </URLHomologacao>
    <URLProducao>
      <NFeRecepcao>https://nfe.fazenda.sp.gov.br/nfeweb/services/nferecepcao2.asmx?wsdl</NFeRecepcao>
      <NFeRetRecepcao>https://nfe.fazenda.sp.gov.br/nfeweb/services/nferetrecepcao2.asmx?wsdl</NFeRetRecepcao>
      <NFeCancelamento>https://nfe.fazenda.sp.gov.br/nfeweb/services/nfecancelamento2.asmx?wsdl</NFeCancelamento>
      <NFeInutilizacao>https://nfe.fazenda.sp.gov.br/nfeweb/services/nfeinutilizacao2.asmx?wsdl</NFeInutilizacao>
      <NFeConsulta>https://nfe.fazenda.sp.gov.br/nfeweb/services/nfeconsulta2.asmx?wsdl</NFeConsulta>
      <NFeStatusServico>https://nfe.fazenda.sp.gov.br/nfeweb/services/nfestatusservico2.asmx?wsdl</NFeStatusServico>
      <NFeConsultaCadastro>https://nfe.fazenda.sp.gov.br/nfeweb/services/cadconsultacadastro2.asmx?wsdl</NFeConsultaCadastro>
    </URLProducao>
    <LocalHomologacao>
      <NFeRecepcao>wsdl\homologacao\HSPNfeRecepcao2.wsdl</NFeRecepcao>
      <NFeRetRecepcao>wsdl\homologacao\HSPNfeRetRecepcao2.wsdl</NFeRetRecepcao>
      <NFeCancelamento>wsdl\homologacao\HSPNfeCancelamento2.wsdl</NFeCancelamento>
      <NFeInutilizacao>wsdl\homologacao\HSPNfeInutilizacao2.wsdl</NFeInutilizacao>
      <NFeConsulta>wsdl\homologacao\HSPNfeConsulta2.wsdl</NFeConsulta>
      <NFeStatusServico>wsdl\homologacao\HSPNfeStatusServico2.wsdl</NFeStatusServico>
      <NFeConsultaCadastro>wsdl\homologacao\HSPCadConsultaCadastro2.wsdl</NFeConsultaCadastro>
    </LocalHomologacao>
    <LocalProducao>
      <NFeRecepcao>wsdl\producao\PSPNfeRecepcao2.wsdl</NFeRecepcao>
      <NFeRetRecepcao>wsdl\producao\PSPNfeRetRecepcao2.wsdl</NFeRetRecepcao>
      <NFeCancelamento>wsdl\producao\PSPNfeCancelamento2.wsdl</NFeCancelamento>
      <NFeInutilizacao>wsdl\producao\PSPNfeInutilizacao2.wsdl</NFeInutilizacao>
      <NFeConsulta>wsdl\producao\PSPNfeConsulta2.wsdl</NFeConsulta>
      <NFeStatusServico>wsdl\producao\PSPNfeStatusServico2.wsdl</NFeStatusServico>
      <NFeConsultaCadastro>wsdl\producao\PSPCadConsultaCadastro2.wsdl</NFeConsultaCadastro>
    </LocalProducao>
  </Estado>
  <!--Estados que utilizam os webservices do Sistema Virtual do Ambiente Nacional (SVAN)-->
  <Estado ID="21" Nome="Maranhão" UF="MA">
    <URLHomologacao>
      <NFeRecepcao>https://hom.sefazvirtual.fazenda.gov.br/NfeRecepcao2/NfeRecepcao2.asmx?wsdl</NFeRecepcao>
      <NFeRetRecepcao>https://hom.sefazvirtual.fazenda.gov.br/NfeRetRecepcao2/NfeRetRecepcao2.asmx?wsdl</NFeRetRecepcao>
      <NFeCancelamento>https://hom.sefazvirtual.fazenda.gov.br/NfeCancelamento2/NfeCancelamento2.asmx?wsdl</NFeCancelamento>
      <NFeInutilizacao>https://hom.sefazvirtual.fazenda.gov.br/NfeInutilizacao2/NfeInutilizacao2.asmx?wsdl</NFeInutilizacao>
      <NFeConsulta>https://hom.sefazvirtual.fazenda.gov.br/NfeConsulta2/NfeConsulta2.asmx?wsdl</NFeConsulta>
      <NFeStatusServico>https://hom.sefazvirtual.fazenda.gov.br/NfeStatusServico2/NfeStatusServico2.asmx?wsdl</NFeStatusServico>
      <NFeConsultaCadastro></NFeConsultaCadastro>
    </URLHomologacao>
    <URLProducao>
      <NFeRecepcao>https://www.sefazvirtual.fazenda.gov.br/NfeRecepcao2/NfeRecepcao2.asmx?wsdl</NFeRecepcao>
      <NFeRetRecepcao>https://www.sefazvirtual.fazenda.gov.br/NFeRetRecepcao2/NFeRetRecepcao2.asmx?wsdl</NFeRetRecepcao>
      <NFeCancelamento>https://www.sefazvirtual.fazenda.gov.br/NFeCancelamento2/NFeCancelamento2.asmx?wsdl</NFeCancelamento>
      <NFeInutilizacao>https://www.sefazvirtual.fazenda.gov.br/NFeInutilizacao2/NFeInutilizacao2.asmx?wsdl</NFeInutilizacao>
      <NFeConsulta>https://www.sefazvirtual.fazenda.gov.br/nfeconsulta2/nfeconsulta2.asmx?wsdl</NFeConsulta>
      <NFeStatusServico>https://www.sefazvirtual.fazenda.gov.br/NFeStatusServico2/NFeStatusServico2.asmx?wsdl</NFeStatusServico>
      <NFeConsultaCadastro></NFeConsultaCadastro>
    </URLProducao>
    <LocalHomologacao>
      <NFeRecepcao>wsdl\homologacao\HSVANNfeRecepcao2.wsdl</NFeRecepcao>
      <NFeRetRecepcao>wsdl\homologacao\HSVANNfeRetRecepcao2.wsdl</NFeRetRecepcao>
      <NFeCancelamento>wsdl\homologacao\HSVANNfeCancelamento2.wsdl</NFeCancelamento>
      <NFeInutilizacao>wsdl\homologacao\HSVANNfeInutilizacao2.wsdl</NFeInutilizacao>
      <NFeConsulta>wsdl\homologacao\HSVANNfeConsulta2.wsdl</NFeConsulta>
      <NFeStatusServico>wsdl\homologacao\HSVANNfeStatusServico2.wsdl</NFeStatusServico>
      <NFeConsultaCadastro>wsdl\homologacao\HSVANCadConsultaCadastro2.wsdl</NFeConsultaCadastro>
    </LocalHomologacao>
    <LocalProducao>
      <NFeRecepcao>wsdl\producao\PSVANNfeRecepcao2.wsdl</NFeRecepcao>
      <NFeRetRecepcao>wsdl\producao\PSVANNfeRetRecepcao2.wsdl</NFeRetRecepcao>
      <NFeCancelamento>wsdl\producao\PSVANNfeCancelamento2.wsdl</NFeCancelamento>
      <NFeInutilizacao>wsdl\producao\PSVANNfeInutilizacao2.wsdl</NFeInutilizacao>
      <NFeConsulta>wsdl\producao\PSVANNfeConsulta2.wsdl</NFeConsulta>
      <NFeStatusServico>wsdl\producao\PSVANNfeStatusServico2.wsdl</NFeStatusServico>
      <NFeConsultaCadastro>wsdl\producao\PSVANCadConsultaCadastro2.wsdl</NFeConsultaCadastro>
    </LocalProducao>
  </Estado>
  <Estado ID="15" Nome="Para" UF="PA">
    <URLHomologacao>
      <NFeRecepcao>https://hom.sefazvirtual.fazenda.gov.br/NfeRecepcao2/NfeRecepcao2.asmx?wsdl</NFeRecepcao>
      <NFeRetRecepcao>https://hom.sefazvirtual.fazenda.gov.br/NfeRetRecepcao2/NfeRetRecepcao2.asmx?wsdl</NFeRetRecepcao>
      <NFeCancelamento>https://hom.sefazvirtual.fazenda.gov.br/NfeCancelamento2/NfeCancelamento2.asmx?wsdl</NFeCancelamento>
      <NFeInutilizacao>https://hom.sefazvirtual.fazenda.gov.br/NfeInutilizacao2/NfeInutilizacao2.asmx?wsdl</NFeInutilizacao>
      <NFeConsulta>https://hom.sefazvirtual.fazenda.gov.br/NfeConsulta2/NfeConsulta2.asmx?wsdl</NFeConsulta>
      <NFeStatusServico>https://hom.sefazvirtual.fazenda.gov.br/NfeStatusServico2/NfeStatusServico2.asmx?wsdl</NFeStatusServico>
      <NFeConsultaCadastro></NFeConsultaCadastro>
    </URLHomologacao>
    <URLProducao>
      <NFeRecepcao>https://www.sefazvirtual.fazenda.gov.br/NfeRecepcao2/NfeRecepcao2.asmx?wsdl</NFeRecepcao>
      <NFeRetRecepcao>https://www.sefazvirtual.fazenda.gov.br/NFeRetRecepcao2/NFeRetRecepcao2.asmx?wsdl</NFeRetRecepcao>
      <NFeCancelamento>https://www.sefazvirtual.fazenda.gov.br/NFeCancelamento2/NFeCancelamento2.asmx?wsdl</NFeCancelamento>
      <NFeInutilizacao>https://www.sefazvirtual.fazenda.gov.br/NFeInutilizacao2/NFeInutilizacao2.asmx?wsdl</NFeInutilizacao>
      <NFeConsulta>https://www.sefazvirtual.fazenda.gov.br/nfeconsulta2/nfeconsulta2.asmx?wsdl</NFeConsulta>
      <NFeStatusServico>https://www.sefazvirtual.fazenda.gov.br/NFeStatusServico2/NFeStatusServico2.asmx?wsdl</NFeStatusServico>
      <NFeConsultaCadastro></NFeConsultaCadastro>
    </URLProducao>
    <LocalHomologacao>
      <NFeRecepcao>wsdl\homologacao\HSVANNfeRecepcao2.wsdl</NFeRecepcao>
      <NFeRetRecepcao>wsdl\homologacao\HSVANNfeRetRecepcao2.wsdl</NFeRetRecepcao>
      <NFeCancelamento>wsdl\homologacao\HSVANNfeCancelamento2.wsdl</NFeCancelamento>
      <NFeInutilizacao>wsdl\homologacao\HSVANNfeInutilizacao2.wsdl</NFeInutilizacao>
      <NFeConsulta>wsdl\homologacao\HSVANNfeConsulta2.wsdl</NFeConsulta>
      <NFeStatusServico>wsdl\homologacao\HSVANNfeStatusServico2.wsdl</NFeStatusServico>
      <NFeConsultaCadastro>wsdl\homologacao\HSVANCadConsultaCadastro2.wsdl</NFeConsultaCadastro>
    </LocalHomologacao>
    <LocalProducao>
      <NFeRecepcao>wsdl\producao\PSVANNfeRecepcao2.wsdl</NFeRecepcao>
      <NFeRetRecepcao>wsdl\producao\PSVANNfeRetRecepcao2.wsdl</NFeRetRecepcao>
      <NFeCancelamento>wsdl\producao\PSVANNfeCancelamento2.wsdl</NFeCancelamento>
      <NFeInutilizacao>wsdl\producao\PSVANNfeInutilizacao2.wsdl</NFeInutilizacao>
      <NFeConsulta>wsdl\producao\PSVANNfeConsulta2.wsdl</NFeConsulta>
      <NFeStatusServico>wsdl\producao\PSVANNfeStatusServico2.wsdl</NFeStatusServico>
      <NFeConsultaCadastro>wsdl\producao\PSVANCadConsultaCadastro2.wsdl</NFeConsultaCadastro>
    </LocalProducao>
  </Estado>
  <Estado ID="22" Nome="Piaui" UF="PI">
    <URLHomologacao>
      <NFeRecepcao>https://hom.sefazvirtual.fazenda.gov.br/NfeRecepcao2/NfeRecepcao2.asmx?wsdl</NFeRecepcao>
      <NFeRetRecepcao>https://hom.sefazvirtual.fazenda.gov.br/NfeRetRecepcao2/NfeRetRecepcao2.asmx?wsdl</NFeRetRecepcao>
      <NFeCancelamento>https://hom.sefazvirtual.fazenda.gov.br/NfeCancelamento2/NfeCancelamento2.asmx?wsdl</NFeCancelamento>
      <NFeInutilizacao>https://hom.sefazvirtual.fazenda.gov.br/NfeInutilizacao2/NfeInutilizacao2.asmx?wsdl</NFeInutilizacao>
      <NFeConsulta>https://hom.sefazvirtual.fazenda.gov.br/NfeConsulta2/NfeConsulta2.asmx?wsdl</NFeConsulta>
      <NFeStatusServico>https://hom.sefazvirtual.fazenda.gov.br/NfeStatusServico2/NfeStatusServico2.asmx?wsdl</NFeStatusServico>
      <NFeConsultaCadastro></NFeConsultaCadastro>
    </URLHomologacao>
    <URLProducao>
      <NFeRecepcao>https://www.sefazvirtual.fazenda.gov.br/NfeRecepcao2/NfeRecepcao2.asmx?wsdl</NFeRecepcao>
      <NFeRetRecepcao>https://www.sefazvirtual.fazenda.gov.br/NFeRetRecepcao2/NFeRetRecepcao2.asmx?wsdl</NFeRetRecepcao>
      <NFeCancelamento>https://www.sefazvirtual.fazenda.gov.br/NFeCancelamento2/NFeCancelamento2.asmx?wsdl</NFeCancelamento>
      <NFeInutilizacao>https://www.sefazvirtual.fazenda.gov.br/NFeInutilizacao2/NFeInutilizacao2.asmx?wsdl</NFeInutilizacao>
      <NFeConsulta>https://www.sefazvirtual.fazenda.gov.br/nfeconsulta2/nfeconsulta2.asmx?wsdl</NFeConsulta>
      <NFeStatusServico>https://www.sefazvirtual.fazenda.gov.br/NFeStatusServico2/NFeStatusServico2.asmx?wsdl</NFeStatusServico>
      <NFeConsultaCadastro></NFeConsultaCadastro>
    </URLProducao>
    <LocalHomologacao>
      <NFeRecepcao>wsdl\homologacao\HSVANNfeRecepcao2.wsdl</NFeRecepcao>
      <NFeRetRecepcao>wsdl\homologacao\HSVANNfeRetRecepcao2.wsdl</NFeRetRecepcao>
      <NFeCancelamento>wsdl\homologacao\HSVANNfeCancelamento2.wsdl</NFeCancelamento>
      <NFeInutilizacao>wsdl\homologacao\HSVANNfeInutilizacao2.wsdl</NFeInutilizacao>
      <NFeConsulta>wsdl\homologacao\HSVANNfeConsulta2.wsdl</NFeConsulta>
      <NFeStatusServico>wsdl\homologacao\HSVANNfeStatusServico2.wsdl</NFeStatusServico>
      <NFeConsultaCadastro>wsdl\homologacao\HSVANCadConsultaCadastro2.wsdl</NFeConsultaCadastro>
    </LocalHomologacao>
    <LocalProducao>
      <NFeRecepcao>wsdl\producao\PSVANNfeRecepcao2.wsdl</NFeRecepcao>
      <NFeRetRecepcao>wsdl\producao\PSVANNfeRetRecepcao2.wsdl</NFeRetRecepcao>
      <NFeCancelamento>wsdl\producao\PSVANNfeCancelamento2.wsdl</NFeCancelamento>
      <NFeInutilizacao>wsdl\producao\PSVANNfeInutilizacao2.wsdl</NFeInutilizacao>
      <NFeConsulta>wsdl\producao\PSVANNfeConsulta2.wsdl</NFeConsulta>
      <NFeStatusServico>wsdl\producao\PSVANNfeStatusServico2.wsdl</NFeStatusServico>
      <NFeConsultaCadastro>wsdl\producao\PSVANCadConsultaCadastro2.wsdl</NFeConsultaCadastro>
    </LocalProducao>
  </Estado>
  <Estado ID="24" Nome="Rio Grande do Norte" UF="RN">
    <URLHomologacao>
      <NFeRecepcao>https://hom.sefazvirtual.fazenda.gov.br/NfeRecepcao2/NfeRecepcao2.asmx?wsdl</NFeRecepcao>
      <NFeRetRecepcao>https://hom.sefazvirtual.fazenda.gov.br/NfeRetRecepcao2/NfeRetRecepcao2.asmx?wsdl</NFeRetRecepcao>
      <NFeCancelamento>https://hom.sefazvirtual.fazenda.gov.br/NfeCancelamento2/NfeCancelamento2.asmx?wsdl</NFeCancelamento>
      <NFeInutilizacao>https://hom.sefazvirtual.fazenda.gov.br/NfeInutilizacao2/NfeInutilizacao2.asmx?wsdl</NFeInutilizacao>
      <NFeConsulta>https://hom.sefazvirtual.fazenda.gov.br/NfeConsulta2/NfeConsulta2.asmx?wsdl</NFeConsulta>
      <NFeStatusServico>https://hom.sefazvirtual.fazenda.gov.br/NfeStatusServico2/NfeStatusServico2.asmx?wsdl</NFeStatusServico>
      <NFeConsultaCadastro></NFeConsultaCadastro>
    </URLHomologacao>
    <URLProducao>
      <NFeRecepcao>https://www.sefazvirtual.fazenda.gov.br/NfeRecepcao2/NfeRecepcao2.asmx?wsdl</NFeRecepcao>
      <NFeRetRecepcao>https://www.sefazvirtual.fazenda.gov.br/NFeRetRecepcao2/NFeRetRecepcao2.asmx?wsdl</NFeRetRecepcao>
      <NFeCancelamento>https://www.sefazvirtual.fazenda.gov.br/NFeCancelamento2/NFeCancelamento2.asmx?wsdl</NFeCancelamento>
      <NFeInutilizacao>https://www.sefazvirtual.fazenda.gov.br/NFeInutilizacao2/NFeInutilizacao2.asmx?wsdl</NFeInutilizacao>
      <NFeConsulta>https://www.sefazvirtual.fazenda.gov.br/nfeconsulta2/nfeconsulta2.asmx?wsdl</NFeConsulta>
      <NFeStatusServico>https://www.sefazvirtual.fazenda.gov.br/NFeStatusServico2/NFeStatusServico2.asmx?wsdl</NFeStatusServico>
      <NFeConsultaCadastro></NFeConsultaCadastro>
    </URLProducao>
    <LocalHomologacao>
      <NFeRecepcao>wsdl\homologacao\HSVANNfeRecepcao2.wsdl</NFeRecepcao>
      <NFeRetRecepcao>wsdl\homologacao\HSVANNfeRetRecepcao2.wsdl</NFeRetRecepcao>
      <NFeCancelamento>wsdl\homologacao\HSVANNfeCancelamento2.wsdl</NFeCancelamento>
      <NFeInutilizacao>wsdl\homologacao\HSVANNfeInutilizacao2.wsdl</NFeInutilizacao>
      <NFeConsulta>wsdl\homologacao\HSVANNfeConsulta2.wsdl</NFeConsulta>
      <NFeStatusServico>wsdl\homologacao\HSVANNfeStatusServico2.wsdl</NFeStatusServico>
      <NFeConsultaCadastro>wsdl\homologacao\HSVANCadConsultaCadastro2.wsdl</NFeConsultaCadastro>
    </LocalHomologacao>
    <LocalProducao>
      <NFeRecepcao>wsdl\producao\PSVANNfeRecepcao2.wsdl</NFeRecepcao>
      <NFeRetRecepcao>wsdl\producao\PSVANNfeRetRecepcao2.wsdl</NFeRetRecepcao>
      <NFeCancelamento>wsdl\producao\PSVANNfeCancelamento2.wsdl</NFeCancelamento>
      <NFeInutilizacao>wsdl\producao\PSVANNfeInutilizacao2.wsdl</NFeInutilizacao>
      <NFeConsulta>wsdl\producao\PSVANNfeConsulta2.wsdl</NFeConsulta>
      <NFeStatusServico>wsdl\producao\PSVANNfeStatusServico2.wsdl</NFeStatusServico>
      <NFeConsultaCadastro>wsdl\producao\PSVANCadConsultaCadastro2.wsdl</NFeConsultaCadastro>
    </LocalProducao>
  </Estado>
  <Estado ID="32" Nome="Espirito Santo" UF="ES">
    <URLHomologacao>
      <NFeRecepcao>https://hom.sefazvirtual.fazenda.gov.br/NfeRecepcao2/NfeRecepcao2.asmx?wsdl</NFeRecepcao>
      <NFeRetRecepcao>https://hom.sefazvirtual.fazenda.gov.br/NfeRetRecepcao2/NfeRetRecepcao2.asmx?wsdl</NFeRetRecepcao>
      <NFeCancelamento>https://hom.sefazvirtual.fazenda.gov.br/NfeCancelamento2/NfeCancelamento2.asmx?wsdl</NFeCancelamento>
      <NFeInutilizacao>https://hom.sefazvirtual.fazenda.gov.br/NfeInutilizacao2/NfeInutilizacao2.asmx?wsdl</NFeInutilizacao>
      <NFeConsulta>https://hom.sefazvirtual.fazenda.gov.br/NfeConsulta2/NfeConsulta2.asmx?wsdl</NFeConsulta>
      <NFeStatusServico>https://hom.sefazvirtual.fazenda.gov.br/NfeStatusServico2/NfeStatusServico2.asmx?wsdl</NFeStatusServico>
      <NFeConsultaCadastro></NFeConsultaCadastro>
    </URLHomologacao>
    <URLProducao>
      <NFeRecepcao>https://www.sefazvirtual.fazenda.gov.br/NfeRecepcao2/NfeRecepcao2.asmx?wsdl</NFeRecepcao>
      <NFeRetRecepcao>https://www.sefazvirtual.fazenda.gov.br/NFeRetRecepcao2/NFeRetRecepcao2.asmx?wsdl</NFeRetRecepcao>
      <NFeCancelamento>https://www.sefazvirtual.fazenda.gov.br/NFeCancelamento2/NFeCancelamento2.asmx?wsdl</NFeCancelamento>
      <NFeInutilizacao>https://www.sefazvirtual.fazenda.gov.br/NFeInutilizacao2/NFeInutilizacao2.asmx?wsdl</NFeInutilizacao>
      <NFeConsulta>https://www.sefazvirtual.fazenda.gov.br/nfeconsulta2/nfeconsulta2.asmx?wsdl</NFeConsulta>
      <NFeStatusServico>https://www.sefazvirtual.fazenda.gov.br/NFeStatusServico2/NFeStatusServico2.asmx?wsdl</NFeStatusServico>
      <NFeConsultaCadastro></NFeConsultaCadastro>
    </URLProducao>
    <LocalHomologacao>
      <NFeRecepcao>wsdl\homologacao\HSVANNfeRecepcao2.wsdl</NFeRecepcao>
      <NFeRetRecepcao>wsdl\homologacao\HSVANNfeRetRecepcao2.wsdl</NFeRetRecepcao>
      <NFeCancelamento>wsdl\homologacao\HSVANNfeCancelamento2.wsdl</NFeCancelamento>
      <NFeInutilizacao>wsdl\homologacao\HSVANNfeInutilizacao2.wsdl</NFeInutilizacao>
      <NFeConsulta>wsdl\homologacao\HSVANNfeConsulta2.wsdl</NFeConsulta>
      <NFeStatusServico>wsdl\homologacao\HSVANNfeStatusServico2.wsdl</NFeStatusServico>
      <NFeConsultaCadastro>wsdl\homologacao\HSVANCadConsultaCadastro2.wsdl</NFeConsultaCadastro>
    </LocalHomologacao>
    <LocalProducao>
      <NFeRecepcao>wsdl\producao\PSVANNfeRecepcao2.wsdl</NFeRecepcao>
      <NFeRetRecepcao>wsdl\producao\PSVANNfeRetRecepcao2.wsdl</NFeRetRecepcao>
      <NFeCancelamento>wsdl\producao\PSVANNfeCancelamento2.wsdl</NFeCancelamento>
      <NFeInutilizacao>wsdl\producao\PSVANNfeInutilizacao2.wsdl</NFeInutilizacao>
      <NFeConsulta>wsdl\producao\PSVANNfeConsulta2.wsdl</NFeConsulta>
      <NFeStatusServico>wsdl\producao\PSVANNfeStatusServico2.wsdl</NFeStatusServico>
      <NFeConsultaCadastro>wsdl\producao\PSVANCadConsultaCadastro2.wsdl</NFeConsultaCadastro>
    </LocalProducao>
  </Estado>
  <!--Estados que utilizam os webservices do Sistema Virtual do Rio Grande do Sul (SVRS)-->
  <Estado ID="12" Nome="Acre" UF="AC">
    <URLHomologacao>
      <NFeRecepcao>https://homologacao.nfe.sefazvirtual.rs.gov.br/ws/Nferecepcao/NFeRecepcao2.asmx?wsdl</NFeRecepcao>
      <NFeRetRecepcao>https://homologacao.nfe.sefazvirtual.rs.gov.br/ws/NfeRetRecepcao/NfeRetRecepcao2.asmx?wsdl</NFeRetRecepcao>
      <NFeCancelamento>https://homologacao.nfe.sefazvirtual.rs.gov.br/ws/NfeCancelamento/NfeCancelamento2.asmx?wsdl</NFeCancelamento>
      <NFeInutilizacao>https://homologacao.nfe.sefazvirtual.rs.gov.br/ws/nfeinutilizacao/nfeinutilizacao2.asmx?wsdl</NFeInutilizacao>
      <NFeConsulta>https://homologacao.nfe.sefazvirtual.rs.gov.br/ws/NfeConsulta/NfeConsulta2.asmx?wsdl</NFeConsulta>
      <NFeStatusServico>https://homologacao.nfe.sefazvirtual.rs.gov.br/ws/NfeStatusServico/NfeStatusServico2.asmx?wsdl</NFeStatusServico>
      <NFeConsultaCadastro></NFeConsultaCadastro>
    </URLHomologacao>
    <URLProducao>
      <NFeRecepcao>https://nfe.sefazvirtual.rs.gov.br/ws/Nferecepcao/NFeRecepcao2.asmx?wsdl</NFeRecepcao>
      <NFeRetRecepcao>https://nfe.sefazvirtual.rs.gov.br/ws/NfeRetRecepcao/NfeRetRecepcao2.asmx?wsdl</NFeRetRecepcao>
      <NFeCancelamento>https://nfe.sefazvirtual.rs.gov.br/ws/NfeCancelamento/NfeCancelamento2.asmx?wsdl</NFeCancelamento>
      <NFeInutilizacao>https://nfe.sefazvirtual.rs.gov.br/ws/nfeinutilizacao/nfeinutilizacao2.asmx?wsdl</NFeInutilizacao>
      <NFeConsulta>https://nfe.sefazvirtual.rs.gov.br/ws/NfeConsulta/NfeConsulta2.asmx?wsdl</NFeConsulta>
      <NFeStatusServico>https://nfe.sefazvirtual.rs.gov.br/ws/NfeStatusServico/NfeStatusServico2.asmx?wsdl</NFeStatusServico>
      <NFeConsultaCadastro></NFeConsultaCadastro>
    </URLProducao>
    <LocalHomologacao>
      <NFeRecepcao>wsdl\homologacao\HSVRSNfeRecepcao2.wsdl</NFeRecepcao>
      <NFeRetRecepcao>wsdl\homologacao\HSVRSNfeRetRecepcao2.wsdl</NFeRetRecepcao>
      <NFeCancelamento>wsdl\homologacao\HSVRSNfeCancelamento2.wsdl</NFeCancelamento>
      <NFeInutilizacao>wsdl\homologacao\HSVRSNfeInutilizacao2.wsdl</NFeInutilizacao>
      <NFeConsulta>wsdl\homologacao\HSVRSNfeConsulta2.wsdl</NFeConsulta>
      <NFeStatusServico>wsdl\homologacao\HSVRSNfeStatusServico2.wsdl</NFeStatusServico>
      <NFeConsultaCadastro>wsdl\homologacao\HSVRSCadConsultaCadastro2.wsdl</NFeConsultaCadastro>
    </LocalHomologacao>
    <LocalProducao>
      <NFeRecepcao>wsdl\producao\PSVRSNfeRecepcao2.wsdl</NFeRecepcao>
      <NFeRetRecepcao>wsdl\producao\PSVRSNfeRetRecepcao2.wsdl</NFeRetRecepcao>
      <NFeCancelamento>wsdl\producao\PSVRSNfeCancelamento2.wsdl</NFeCancelamento>
      <NFeInutilizacao>wsdl\producao\PSVRSNfeInutilizacao2.wsdl</NFeInutilizacao>
      <NFeConsulta>wsdl\producao\PSVRSNfeConsulta2.wsdl</NFeConsulta>
      <NFeStatusServico>wsdl\producao\PSVRSNfeStatusServico2.wsdl</NFeStatusServico>
      <NFeConsultaCadastro>wsdl\producao\PSVRSCadConsultaCadastro2.wsdl</NFeConsultaCadastro>
    </LocalProducao>    
  </Estado>
  <Estado ID="27" Nome="Alagoas" UF="AL">
    <URLHomologacao>
      <NFeRecepcao>https://homologacao.nfe.sefazvirtual.rs.gov.br/ws/Nferecepcao/NFeRecepcao2.asmx?wsdl</NFeRecepcao>
      <NFeRetRecepcao>https://homologacao.nfe.sefazvirtual.rs.gov.br/ws/NfeRetRecepcao/NfeRetRecepcao2.asmx?wsdl</NFeRetRecepcao>
      <NFeCancelamento>https://homologacao.nfe.sefazvirtual.rs.gov.br/ws/NfeCancelamento/NfeCancelamento2.asmx?wsdl</NFeCancelamento>
      <NFeInutilizacao>https://homologacao.nfe.sefazvirtual.rs.gov.br/ws/nfeinutilizacao/nfeinutilizacao2.asmx?wsdl</NFeInutilizacao>
      <NFeConsulta>https://homologacao.nfe.sefazvirtual.rs.gov.br/ws/NfeConsulta/NfeConsulta2.asmx?wsdl</NFeConsulta>
      <NFeStatusServico>https://homologacao.nfe.sefazvirtual.rs.gov.br/ws/NfeStatusServico/NfeStatusServico2.asmx?wsdl</NFeStatusServico>
      <NFeConsultaCadastro></NFeConsultaCadastro>
    </URLHomologacao>
    <URLProducao>
      <NFeRecepcao>https://nfe.sefazvirtual.rs.gov.br/ws/Nferecepcao/NFeRecepcao2.asmx?wsdl</NFeRecepcao>
      <NFeRetRecepcao>https://nfe.sefazvirtual.rs.gov.br/ws/NfeRetRecepcao/NfeRetRecepcao2.asmx?wsdl</NFeRetRecepcao>
      <NFeCancelamento>https://nfe.sefazvirtual.rs.gov.br/ws/NfeCancelamento/NfeCancelamento2.asmx?wsdl</NFeCancelamento>
      <NFeInutilizacao>https://nfe.sefazvirtual.rs.gov.br/ws/nfeinutilizacao/nfeinutilizacao2.asmx?wsdl</NFeInutilizacao>
      <NFeConsulta>https://nfe.sefazvirtual.rs.gov.br/ws/NfeConsulta/NfeConsulta2.asmx?wsdl</NFeConsulta>
      <NFeStatusServico>https://nfe.sefazvirtual.rs.gov.br/ws/NfeStatusServico/NfeStatusServico2.asmx?wsdl</NFeStatusServico>
      <NFeConsultaCadastro></NFeConsultaCadastro>
    </URLProducao>
    <LocalHomologacao>
      <NFeRecepcao>wsdl\homologacao\HSVRSNfeRecepcao2.wsdl</NFeRecepcao>
      <NFeRetRecepcao>wsdl\homologacao\HSVRSNfeRetRecepcao2.wsdl</NFeRetRecepcao>
      <NFeCancelamento>wsdl\homologacao\HSVRSNfeCancelamento2.wsdl</NFeCancelamento>
      <NFeInutilizacao>wsdl\homologacao\HSVRSNfeInutilizacao2.wsdl</NFeInutilizacao>
      <NFeConsulta>wsdl\homologacao\HSVRSNfeConsulta2.wsdl</NFeConsulta>
      <NFeStatusServico>wsdl\homologacao\HSVRSNfeStatusServico2.wsdl</NFeStatusServico>
      <NFeConsultaCadastro>wsdl\homologacao\HSVRSCadConsultaCadastro2.wsdl</NFeConsultaCadastro>
    </LocalHomologacao>
    <LocalProducao>
      <NFeRecepcao>wsdl\producao\PSVRSNfeRecepcao2.wsdl</NFeRecepcao>
      <NFeRetRecepcao>wsdl\producao\PSVRSNfeRetRecepcao2.wsdl</NFeRetRecepcao>
      <NFeCancelamento>wsdl\producao\PSVRSNfeCancelamento2.wsdl</NFeCancelamento>
      <NFeInutilizacao>wsdl\producao\PSVRSNfeInutilizacao2.wsdl</NFeInutilizacao>
      <NFeConsulta>wsdl\producao\PSVRSNfeConsulta2.wsdl</NFeConsulta>
      <NFeStatusServico>wsdl\producao\PSVRSNfeStatusServico2.wsdl</NFeStatusServico>
      <NFeConsultaCadastro>wsdl\producao\PSVRSCadConsultaCadastro2.wsdl</NFeConsultaCadastro>
    </LocalProducao>
  </Estado>
  <Estado ID="16" Nome="Amapa" UF="AP">
    <URLHomologacao>
      <NFeRecepcao>https://homologacao.nfe.sefazvirtual.rs.gov.br/ws/Nferecepcao/NFeRecepcao2.asmx?wsdl</NFeRecepcao>
      <NFeRetRecepcao>https://homologacao.nfe.sefazvirtual.rs.gov.br/ws/NfeRetRecepcao/NfeRetRecepcao2.asmx?wsdl</NFeRetRecepcao>
      <NFeCancelamento>https://homologacao.nfe.sefazvirtual.rs.gov.br/ws/NfeCancelamento/NfeCancelamento2.asmx?wsdl</NFeCancelamento>
      <NFeInutilizacao>https://homologacao.nfe.sefazvirtual.rs.gov.br/ws/nfeinutilizacao/nfeinutilizacao2.asmx?wsdl</NFeInutilizacao>
      <NFeConsulta>https://homologacao.nfe.sefazvirtual.rs.gov.br/ws/NfeConsulta/NfeConsulta2.asmx?wsdl</NFeConsulta>
      <NFeStatusServico>https://homologacao.nfe.sefazvirtual.rs.gov.br/ws/NfeStatusServico/NfeStatusServico2.asmx?wsdl</NFeStatusServico>
      <NFeConsultaCadastro></NFeConsultaCadastro>
    </URLHomologacao>
    <URLProducao>
      <NFeRecepcao>https://nfe.sefazvirtual.rs.gov.br/ws/Nferecepcao/NFeRecepcao2.asmx?wsdl</NFeRecepcao>
      <NFeRetRecepcao>https://nfe.sefazvirtual.rs.gov.br/ws/NfeRetRecepcao/NfeRetRecepcao2.asmx?wsdl</NFeRetRecepcao>
      <NFeCancelamento>https://nfe.sefazvirtual.rs.gov.br/ws/NfeCancelamento/NfeCancelamento2.asmx?wsdl</NFeCancelamento>
      <NFeInutilizacao>https://nfe.sefazvirtual.rs.gov.br/ws/nfeinutilizacao/nfeinutilizacao2.asmx?wsdl</NFeInutilizacao>
      <NFeConsulta>https://nfe.sefazvirtual.rs.gov.br/ws/NfeConsulta/NfeConsulta2.asmx?wsdl</NFeConsulta>
      <NFeStatusServico>https://nfe.sefazvirtual.rs.gov.br/ws/NfeStatusServico/NfeStatusServico2.asmx?wsdl</NFeStatusServico>
      <NFeConsultaCadastro></NFeConsultaCadastro>
    </URLProducao>
    <LocalHomologacao>
      <NFeRecepcao>wsdl\homologacao\HSVRSNfeRecepcao2.wsdl</NFeRecepcao>
      <NFeRetRecepcao>wsdl\homologacao\HSVRSNfeRetRecepcao2.wsdl</NFeRetRecepcao>
      <NFeCancelamento>wsdl\homologacao\HSVRSNfeCancelamento2.wsdl</NFeCancelamento>
      <NFeInutilizacao>wsdl\homologacao\HSVRSNfeInutilizacao2.wsdl</NFeInutilizacao>
      <NFeConsulta>wsdl\homologacao\HSVRSNfeConsulta2.wsdl</NFeConsulta>
      <NFeStatusServico>wsdl\homologacao\HSVRSNfeStatusServico2.wsdl</NFeStatusServico>
      <NFeConsultaCadastro>wsdl\homologacao\HSVRSCadConsultaCadastro2.wsdl</NFeConsultaCadastro>
    </LocalHomologacao>
    <LocalProducao>
      <NFeRecepcao>wsdl\producao\PSVRSNfeRecepcao2.wsdl</NFeRecepcao>
      <NFeRetRecepcao>wsdl\producao\PSVRSNfeRetRecepcao2.wsdl</NFeRetRecepcao>
      <NFeCancelamento>wsdl\producao\PSVRSNfeCancelamento2.wsdl</NFeCancelamento>
      <NFeInutilizacao>wsdl\producao\PSVRSNfeInutilizacao2.wsdl</NFeInutilizacao>
      <NFeConsulta>wsdl\producao\PSVRSNfeConsulta2.wsdl</NFeConsulta>
      <NFeStatusServico>wsdl\producao\PSVRSNfeStatusServico2.wsdl</NFeStatusServico>
      <NFeConsultaCadastro>wsdl\producao\PSVRSCadConsultaCadastro2.wsdl</NFeConsultaCadastro>
    </LocalProducao>
  </Estado>
  <Estado ID="25" Nome="Paraiba" UF="PB">
    <URLHomologacao>
      <NFeRecepcao>https://homologacao.nfe.sefazvirtual.rs.gov.br/ws/Nferecepcao/NFeRecepcao2.asmx?wsdl</NFeRecepcao>
      <NFeRetRecepcao>https://homologacao.nfe.sefazvirtual.rs.gov.br/ws/NfeRetRecepcao/NfeRetRecepcao2.asmx?wsdl</NFeRetRecepcao>
      <NFeCancelamento>https://homologacao.nfe.sefazvirtual.rs.gov.br/ws/NfeCancelamento/NfeCancelamento2.asmx?wsdl</NFeCancelamento>
      <NFeInutilizacao>https://homologacao.nfe.sefazvirtual.rs.gov.br/ws/nfeinutilizacao/nfeinutilizacao2.asmx?wsdl</NFeInutilizacao>
      <NFeConsulta>https://homologacao.nfe.sefazvirtual.rs.gov.br/ws/NfeConsulta/NfeConsulta2.asmx?wsdl</NFeConsulta>
      <NFeStatusServico>https://homologacao.nfe.sefazvirtual.rs.gov.br/ws/NfeStatusServico/NfeStatusServico2.asmx?wsdl</NFeStatusServico>
      <NFeConsultaCadastro></NFeConsultaCadastro>
    </URLHomologacao>
    <URLProducao>
      <NFeRecepcao>https://nfe.sefazvirtual.rs.gov.br/ws/Nferecepcao/NFeRecepcao2.asmx?wsdl</NFeRecepcao>
      <NFeRetRecepcao>https://nfe.sefazvirtual.rs.gov.br/ws/NfeRetRecepcao/NfeRetRecepcao2.asmx?wsdl</NFeRetRecepcao>
      <NFeCancelamento>https://nfe.sefazvirtual.rs.gov.br/ws/NfeCancelamento/NfeCancelamento2.asmx?wsdl</NFeCancelamento>
      <NFeInutilizacao>https://nfe.sefazvirtual.rs.gov.br/ws/nfeinutilizacao/nfeinutilizacao2.asmx?wsdl</NFeInutilizacao>
      <NFeConsulta>https://nfe.sefazvirtual.rs.gov.br/ws/NfeConsulta/NfeConsulta2.asmx?wsdl</NFeConsulta>
      <NFeStatusServico>https://nfe.sefazvirtual.rs.gov.br/ws/NfeStatusServico/NfeStatusServico2.asmx?wsdl</NFeStatusServico>
      <NFeConsultaCadastro></NFeConsultaCadastro>
    </URLProducao>
    <LocalHomologacao>
      <NFeRecepcao>wsdl\homologacao\HSVRSNfeRecepcao2.wsdl</NFeRecepcao>
      <NFeRetRecepcao>wsdl\homologacao\HSVRSNfeRetRecepcao2.wsdl</NFeRetRecepcao>
      <NFeCancelamento>wsdl\homologacao\HSVRSNfeCancelamento2.wsdl</NFeCancelamento>
      <NFeInutilizacao>wsdl\homologacao\HSVRSNfeInutilizacao2.wsdl</NFeInutilizacao>
      <NFeConsulta>wsdl\homologacao\HSVRSNfeConsulta2.wsdl</NFeConsulta>
      <NFeStatusServico>wsdl\homologacao\HSVRSNfeStatusServico2.wsdl</NFeStatusServico>
      <NFeConsultaCadastro>wsdl\homologacao\HSVRSCadConsultaCadastro2.wsdl</NFeConsultaCadastro>
    </LocalHomologacao>
    <LocalProducao>
      <NFeRecepcao>wsdl\producao\PSVRSNfeRecepcao2.wsdl</NFeRecepcao>
      <NFeRetRecepcao>wsdl\producao\PSVRSNfeRetRecepcao2.wsdl</NFeRetRecepcao>
      <NFeCancelamento>wsdl\producao\PSVRSNfeCancelamento2.wsdl</NFeCancelamento>
      <NFeInutilizacao>wsdl\producao\PSVRSNfeInutilizacao2.wsdl</NFeInutilizacao>
      <NFeConsulta>wsdl\producao\PSVRSNfeConsulta2.wsdl</NFeConsulta>
      <NFeStatusServico>wsdl\producao\PSVRSNfeStatusServico2.wsdl</NFeStatusServico>
      <NFeConsultaCadastro>wsdl\producao\PSVRSCadConsultaCadastro2.wsdl</NFeConsultaCadastro>
    </LocalProducao>
  </Estado>
  <Estado ID="33" Nome="Rio de Janeiro" UF="RJ">
    <URLHomologacao>
      <NFeRecepcao>https://homologacao.nfe.sefazvirtual.rs.gov.br/ws/Nferecepcao/NFeRecepcao2.asmx?wsdl</NFeRecepcao>
      <NFeRetRecepcao>https://homologacao.nfe.sefazvirtual.rs.gov.br/ws/NfeRetRecepcao/NfeRetRecepcao2.asmx?wsdl</NFeRetRecepcao>
      <NFeCancelamento>https://homologacao.nfe.sefazvirtual.rs.gov.br/ws/NfeCancelamento/NfeCancelamento2.asmx?wsdl</NFeCancelamento>
      <NFeInutilizacao>https://homologacao.nfe.sefazvirtual.rs.gov.br/ws/nfeinutilizacao/nfeinutilizacao2.asmx?wsdl</NFeInutilizacao>
      <NFeConsulta>https://homologacao.nfe.sefazvirtual.rs.gov.br/ws/NfeConsulta/NfeConsulta2.asmx?wsdl</NFeConsulta>
      <NFeStatusServico>https://homologacao.nfe.sefazvirtual.rs.gov.br/ws/NfeStatusServico/NfeStatusServico2.asmx?wsdl</NFeStatusServico>
      <NFeConsultaCadastro></NFeConsultaCadastro>
    </URLHomologacao>
    <URLProducao>
      <NFeRecepcao>https://nfe.sefazvirtual.rs.gov.br/ws/Nferecepcao/NFeRecepcao2.asmx?wsdl</NFeRecepcao>
      <NFeRetRecepcao>https://nfe.sefazvirtual.rs.gov.br/ws/NfeRetRecepcao/NfeRetRecepcao2.asmx?wsdl</NFeRetRecepcao>
      <NFeCancelamento>https://nfe.sefazvirtual.rs.gov.br/ws/NfeCancelamento/NfeCancelamento2.asmx?wsdl</NFeCancelamento>
      <NFeInutilizacao>https://nfe.sefazvirtual.rs.gov.br/ws/nfeinutilizacao/nfeinutilizacao2.asmx?wsdl</NFeInutilizacao>
      <NFeConsulta>https://nfe.sefazvirtual.rs.gov.br/ws/NfeConsulta/NfeConsulta2.asmx?wsdl</NFeConsulta>
      <NFeStatusServico>https://nfe.sefazvirtual.rs.gov.br/ws/NfeStatusServico/NfeStatusServico2.asmx?wsdl</NFeStatusServico>
      <NFeConsultaCadastro></NFeConsultaCadastro>
    </URLProducao>
    <LocalHomologacao>
      <NFeRecepcao>wsdl\homologacao\HSVRSNfeRecepcao2.wsdl</NFeRecepcao>
      <NFeRetRecepcao>wsdl\homologacao\HSVRSNfeRetRecepcao2.wsdl</NFeRetRecepcao>
      <NFeCancelamento>wsdl\homologacao\HSVRSNfeCancelamento2.wsdl</NFeCancelamento>
      <NFeInutilizacao>wsdl\homologacao\HSVRSNfeInutilizacao2.wsdl</NFeInutilizacao>
      <NFeConsulta>wsdl\homologacao\HSVRSNfeConsulta2.wsdl</NFeConsulta>
      <NFeStatusServico>wsdl\homologacao\HSVRSNfeStatusServico2.wsdl</NFeStatusServico>
      <NFeConsultaCadastro>wsdl\homologacao\HSVRSCadConsultaCadastro2.wsdl</NFeConsultaCadastro>
    </LocalHomologacao>
    <LocalProducao>
      <NFeRecepcao>wsdl\producao\PSVRSNfeRecepcao2.wsdl</NFeRecepcao>
      <NFeRetRecepcao>wsdl\producao\PSVRSNfeRetRecepcao2.wsdl</NFeRetRecepcao>
      <NFeCancelamento>wsdl\producao\PSVRSNfeCancelamento2.wsdl</NFeCancelamento>
      <NFeInutilizacao>wsdl\producao\PSVRSNfeInutilizacao2.wsdl</NFeInutilizacao>
      <NFeConsulta>wsdl\producao\PSVRSNfeConsulta2.wsdl</NFeConsulta>
      <NFeStatusServico>wsdl\producao\PSVRSNfeStatusServico2.wsdl</NFeStatusServico>
      <NFeConsultaCadastro>wsdl\producao\PSVRSCadConsultaCadastro2.wsdl</NFeConsultaCadastro>
    </LocalProducao>
  </Estado>
  <Estado ID="11" Nome="Rondonia" UF="RO">
    <URLHomologacao>
      <NFeRecepcao>https://homologacao.nfe.sefazvirtual.rs.gov.br/ws/Nferecepcao/NFeRecepcao2.asmx?wsdl</NFeRecepcao>
      <NFeRetRecepcao>https://homologacao.nfe.sefazvirtual.rs.gov.br/ws/NfeRetRecepcao/NfeRetRecepcao2.asmx?wsdl</NFeRetRecepcao>
      <NFeCancelamento>https://homologacao.nfe.sefazvirtual.rs.gov.br/ws/NfeCancelamento/NfeCancelamento2.asmx?wsdl</NFeCancelamento>
      <NFeInutilizacao>https://homologacao.nfe.sefazvirtual.rs.gov.br/ws/nfeinutilizacao/nfeinutilizacao2.asmx?wsdl</NFeInutilizacao>
      <NFeConsulta>https://homologacao.nfe.sefazvirtual.rs.gov.br/ws/NfeConsulta/NfeConsulta2.asmx?wsdl</NFeConsulta>
      <NFeStatusServico>https://homologacao.nfe.sefazvirtual.rs.gov.br/ws/NfeStatusServico/NfeStatusServico2.asmx?wsdl</NFeStatusServico>
      <NFeConsultaCadastro></NFeConsultaCadastro>
    </URLHomologacao>
    <URLProducao>
      <NFeRecepcao>https://nfe.sefazvirtual.rs.gov.br/ws/Nferecepcao/NFeRecepcao2.asmx?wsdl</NFeRecepcao>
      <NFeRetRecepcao>https://nfe.sefazvirtual.rs.gov.br/ws/NfeRetRecepcao/NfeRetRecepcao2.asmx?wsdl</NFeRetRecepcao>
      <NFeCancelamento>https://nfe.sefazvirtual.rs.gov.br/ws/NfeCancelamento/NfeCancelamento2.asmx?wsdl</NFeCancelamento>
      <NFeInutilizacao>https://nfe.sefazvirtual.rs.gov.br/ws/nfeinutilizacao/nfeinutilizacao2.asmx?wsdl</NFeInutilizacao>
      <NFeConsulta>https://nfe.sefazvirtual.rs.gov.br/ws/NfeConsulta/NfeConsulta2.asmx?wsdl</NFeConsulta>
      <NFeStatusServico>https://nfe.sefazvirtual.rs.gov.br/ws/NfeStatusServico/NfeStatusServico2.asmx?wsdl</NFeStatusServico>
      <NFeConsultaCadastro></NFeConsultaCadastro>
    </URLProducao>
    <LocalHomologacao>
      <NFeRecepcao>wsdl\homologacao\HSVRSNfeRecepcao2.wsdl</NFeRecepcao>
      <NFeRetRecepcao>wsdl\homologacao\HSVRSNfeRetRecepcao2.wsdl</NFeRetRecepcao>
      <NFeCancelamento>wsdl\homologacao\HSVRSNfeCancelamento2.wsdl</NFeCancelamento>
      <NFeInutilizacao>wsdl\homologacao\HSVRSNfeInutilizacao2.wsdl</NFeInutilizacao>
      <NFeConsulta>wsdl\homologacao\HSVRSNfeConsulta2.wsdl</NFeConsulta>
      <NFeStatusServico>wsdl\homologacao\HSVRSNfeStatusServico2.wsdl</NFeStatusServico>
      <NFeConsultaCadastro>wsdl\homologacao\HSVRSCadConsultaCadastro2.wsdl</NFeConsultaCadastro>
    </LocalHomologacao>
    <LocalProducao>
      <NFeRecepcao>wsdl\producao\PSVRSNfeRecepcao2.wsdl</NFeRecepcao>
      <NFeRetRecepcao>wsdl\producao\PSVRSNfeRetRecepcao2.wsdl</NFeRetRecepcao>
      <NFeCancelamento>wsdl\producao\PSVRSNfeCancelamento2.wsdl</NFeCancelamento>
      <NFeInutilizacao>wsdl\producao\PSVRSNfeInutilizacao2.wsdl</NFeInutilizacao>
      <NFeConsulta>wsdl\producao\PSVRSNfeConsulta2.wsdl</NFeConsulta>
      <NFeStatusServico>wsdl\producao\PSVRSNfeStatusServico2.wsdl</NFeStatusServico>
      <NFeConsultaCadastro>wsdl\producao\PSVRSCadConsultaCadastro2.wsdl</NFeConsultaCadastro>
    </LocalProducao>
  </Estado>
  <Estado ID="14" Nome="Roraima" UF="RR">
    <URLHomologacao>
      <NFeRecepcao>https://homologacao.nfe.sefazvirtual.rs.gov.br/ws/Nferecepcao/NFeRecepcao2.asmx?wsdl</NFeRecepcao>
      <NFeRetRecepcao>https://homologacao.nfe.sefazvirtual.rs.gov.br/ws/NfeRetRecepcao/NfeRetRecepcao2.asmx?wsdl</NFeRetRecepcao>
      <NFeCancelamento>https://homologacao.nfe.sefazvirtual.rs.gov.br/ws/NfeCancelamento/NfeCancelamento2.asmx?wsdl</NFeCancelamento>
      <NFeInutilizacao>https://homologacao.nfe.sefazvirtual.rs.gov.br/ws/nfeinutilizacao/nfeinutilizacao2.asmx?wsdl</NFeInutilizacao>
      <NFeConsulta>https://homologacao.nfe.sefazvirtual.rs.gov.br/ws/NfeConsulta/NfeConsulta2.asmx?wsdl</NFeConsulta>
      <NFeStatusServico>https://homologacao.nfe.sefazvirtual.rs.gov.br/ws/NfeStatusServico/NfeStatusServico2.asmx?wsdl</NFeStatusServico>
      <NFeConsultaCadastro></NFeConsultaCadastro>
    </URLHomologacao>
    <URLProducao>
      <NFeRecepcao>https://nfe.sefazvirtual.rs.gov.br/ws/Nferecepcao/NFeRecepcao2.asmx?wsdl</NFeRecepcao>
      <NFeRetRecepcao>https://nfe.sefazvirtual.rs.gov.br/ws/NfeRetRecepcao/NfeRetRecepcao2.asmx?wsdl</NFeRetRecepcao>
      <NFeCancelamento>https://nfe.sefazvirtual.rs.gov.br/ws/NfeCancelamento/NfeCancelamento2.asmx?wsdl</NFeCancelamento>
      <NFeInutilizacao>https://nfe.sefazvirtual.rs.gov.br/ws/nfeinutilizacao/nfeinutilizacao2.asmx?wsdl</NFeInutilizacao>
      <NFeConsulta>https://nfe.sefazvirtual.rs.gov.br/ws/NfeConsulta/NfeConsulta2.asmx?wsdl</NFeConsulta>
      <NFeStatusServico>https://nfe.sefazvirtual.rs.gov.br/ws/NfeStatusServico/NfeStatusServico2.asmx?wsdl</NFeStatusServico>
      <NFeConsultaCadastro></NFeConsultaCadastro>
    </URLProducao>
    <LocalHomologacao>
      <NFeRecepcao>wsdl\homologacao\HSVRSNfeRecepcao2.wsdl</NFeRecepcao>
      <NFeRetRecepcao>wsdl\homologacao\HSVRSNfeRetRecepcao2.wsdl</NFeRetRecepcao>
      <NFeCancelamento>wsdl\homologacao\HSVRSNfeCancelamento2.wsdl</NFeCancelamento>
      <NFeInutilizacao>wsdl\homologacao\HSVRSNfeInutilizacao2.wsdl</NFeInutilizacao>
      <NFeConsulta>wsdl\homologacao\HSVRSNfeConsulta2.wsdl</NFeConsulta>
      <NFeStatusServico>wsdl\homologacao\HSVRSNfeStatusServico2.wsdl</NFeStatusServico>
      <NFeConsultaCadastro>wsdl\homologacao\HSVRSCadConsultaCadastro2.wsdl</NFeConsultaCadastro>
    </LocalHomologacao>
    <LocalProducao>
      <NFeRecepcao>wsdl\producao\PSVRSNfeRecepcao2.wsdl</NFeRecepcao>
      <NFeRetRecepcao>wsdl\producao\PSVRSNfeRetRecepcao2.wsdl</NFeRetRecepcao>
      <NFeCancelamento>wsdl\producao\PSVRSNfeCancelamento2.wsdl</NFeCancelamento>
      <NFeInutilizacao>wsdl\producao\PSVRSNfeInutilizacao2.wsdl</NFeInutilizacao>
      <NFeConsulta>wsdl\producao\PSVRSNfeConsulta2.wsdl</NFeConsulta>
      <NFeStatusServico>wsdl\producao\PSVRSNfeStatusServico2.wsdl</NFeStatusServico>
      <NFeConsultaCadastro>wsdl\producao\PSVRSCadConsultaCadastro2.wsdl</NFeConsultaCadastro>
    </LocalProducao>
  </Estado>
  <Estado ID="42" Nome="Santa Catarina" UF="SC">
    <URLHomologacao>
      <NFeRecepcao>https://homologacao.nfe.sefazvirtual.rs.gov.br/ws/Nferecepcao/NFeRecepcao2.asmx?wsdl</NFeRecepcao>
      <NFeRetRecepcao>https://homologacao.nfe.sefazvirtual.rs.gov.br/ws/NfeRetRecepcao/NfeRetRecepcao2.asmx?wsdl</NFeRetRecepcao>
      <NFeCancelamento>https://homologacao.nfe.sefazvirtual.rs.gov.br/ws/NfeCancelamento/NfeCancelamento2.asmx?wsdl</NFeCancelamento>
      <NFeInutilizacao>https://homologacao.nfe.sefazvirtual.rs.gov.br/ws/nfeinutilizacao/nfeinutilizacao2.asmx?wsdl</NFeInutilizacao>
      <NFeConsulta>https://homologacao.nfe.sefazvirtual.rs.gov.br/ws/NfeConsulta/NfeConsulta2.asmx?wsdl</NFeConsulta>
      <NFeStatusServico>https://homologacao.nfe.sefazvirtual.rs.gov.br/ws/NfeStatusServico/NfeStatusServico2.asmx?wsdl</NFeStatusServico>
      <NFeConsultaCadastro></NFeConsultaCadastro>
    </URLHomologacao>
    <URLProducao>
      <NFeRecepcao>https://nfe.sefazvirtual.rs.gov.br/ws/Nferecepcao/NFeRecepcao2.asmx?wsdl</NFeRecepcao>
      <NFeRetRecepcao>https://nfe.sefazvirtual.rs.gov.br/ws/NfeRetRecepcao/NfeRetRecepcao2.asmx?wsdl</NFeRetRecepcao>
      <NFeCancelamento>https://nfe.sefazvirtual.rs.gov.br/ws/NfeCancelamento/NfeCancelamento2.asmx?wsdl</NFeCancelamento>
      <NFeInutilizacao>https://nfe.sefazvirtual.rs.gov.br/ws/nfeinutilizacao/nfeinutilizacao2.asmx?wsdl</NFeInutilizacao>
      <NFeConsulta>https://nfe.sefazvirtual.rs.gov.br/ws/NfeConsulta/NfeConsulta2.asmx?wsdl</NFeConsulta>
      <NFeStatusServico>https://nfe.sefazvirtual.rs.gov.br/ws/NfeStatusServico/NfeStatusServico2.asmx?wsdl</NFeStatusServico>
      <NFeConsultaCadastro></NFeConsultaCadastro>
    </URLProducao>
    <LocalHomologacao>
      <NFeRecepcao>wsdl\homologacao\HSVRSNfeRecepcao2.wsdl</NFeRecepcao>
      <NFeRetRecepcao>wsdl\homologacao\HSVRSNfeRetRecepcao2.wsdl</NFeRetRecepcao>
      <NFeCancelamento>wsdl\homologacao\HSVRSNfeCancelamento2.wsdl</NFeCancelamento>
      <NFeInutilizacao>wsdl\homologacao\HSVRSNfeInutilizacao2.wsdl</NFeInutilizacao>
      <NFeConsulta>wsdl\homologacao\HSVRSNfeConsulta2.wsdl</NFeConsulta>
      <NFeStatusServico>wsdl\homologacao\HSVRSNfeStatusServico2.wsdl</NFeStatusServico>
      <NFeConsultaCadastro>wsdl\homologacao\HSVRSCadConsultaCadastro2.wsdl</NFeConsultaCadastro>
    </LocalHomologacao>
    <LocalProducao>
      <NFeRecepcao>wsdl\producao\PSVRSNfeRecepcao2.wsdl</NFeRecepcao>
      <NFeRetRecepcao>wsdl\producao\PSVRSNfeRetRecepcao2.wsdl</NFeRetRecepcao>
      <NFeCancelamento>wsdl\producao\PSVRSNfeCancelamento2.wsdl</NFeCancelamento>
      <NFeInutilizacao>wsdl\producao\PSVRSNfeInutilizacao2.wsdl</NFeInutilizacao>
      <NFeConsulta>wsdl\producao\PSVRSNfeConsulta2.wsdl</NFeConsulta>
      <NFeStatusServico>wsdl\producao\PSVRSNfeStatusServico2.wsdl</NFeStatusServico>
      <NFeConsultaCadastro>wsdl\producao\PSVRSCadConsultaCadastro2.wsdl</NFeConsultaCadastro>
    </LocalProducao>
  </Estado>
  <Estado ID="28" Nome="Sergipe" UF="SE">
    <URLHomologacao>
      <NFeRecepcao>https://homologacao.nfe.sefazvirtual.rs.gov.br/ws/Nferecepcao/NFeRecepcao2.asmx?wsdl</NFeRecepcao>
      <NFeRetRecepcao>https://homologacao.nfe.sefazvirtual.rs.gov.br/ws/NfeRetRecepcao/NfeRetRecepcao2.asmx?wsdl</NFeRetRecepcao>
      <NFeCancelamento>https://homologacao.nfe.sefazvirtual.rs.gov.br/ws/NfeCancelamento/NfeCancelamento2.asmx?wsdl</NFeCancelamento>
      <NFeInutilizacao>https://homologacao.nfe.sefazvirtual.rs.gov.br/ws/nfeinutilizacao/nfeinutilizacao2.asmx?wsdl</NFeInutilizacao>
      <NFeConsulta>https://homologacao.nfe.sefazvirtual.rs.gov.br/ws/NfeConsulta/NfeConsulta2.asmx?wsdl</NFeConsulta>
      <NFeStatusServico>https://homologacao.nfe.sefazvirtual.rs.gov.br/ws/NfeStatusServico/NfeStatusServico2.asmx?wsdl</NFeStatusServico>
      <NFeConsultaCadastro></NFeConsultaCadastro>
    </URLHomologacao>
    <URLProducao>
      <NFeRecepcao>https://nfe.sefazvirtual.rs.gov.br/ws/Nferecepcao/NFeRecepcao2.asmx?wsdl</NFeRecepcao>
      <NFeRetRecepcao>https://nfe.sefazvirtual.rs.gov.br/ws/NfeRetRecepcao/NfeRetRecepcao2.asmx?wsdl</NFeRetRecepcao>
      <NFeCancelamento>https://nfe.sefazvirtual.rs.gov.br/ws/NfeCancelamento/NfeCancelamento2.asmx?wsdl</NFeCancelamento>
      <NFeInutilizacao>https://nfe.sefazvirtual.rs.gov.br/ws/nfeinutilizacao/nfeinutilizacao2.asmx?wsdl</NFeInutilizacao>
      <NFeConsulta>https://nfe.sefazvirtual.rs.gov.br/ws/NfeConsulta/NfeConsulta2.asmx?wsdl</NFeConsulta>
      <NFeStatusServico>https://nfe.sefazvirtual.rs.gov.br/ws/NfeStatusServico/NfeStatusServico2.asmx?wsdl</NFeStatusServico>
      <NFeConsultaCadastro></NFeConsultaCadastro>
    </URLProducao>
    <LocalHomologacao>
      <NFeRecepcao>wsdl\homologacao\HSVRSNfeRecepcao2.wsdl</NFeRecepcao>
      <NFeRetRecepcao>wsdl\homologacao\HSVRSNfeRetRecepcao2.wsdl</NFeRetRecepcao>
      <NFeCancelamento>wsdl\homologacao\HSVRSNfeCancelamento2.wsdl</NFeCancelamento>
      <NFeInutilizacao>wsdl\homologacao\HSVRSNfeInutilizacao2.wsdl</NFeInutilizacao>
      <NFeConsulta>wsdl\homologacao\HSVRSNfeConsulta2.wsdl</NFeConsulta>
      <NFeStatusServico>wsdl\homologacao\HSVRSNfeStatusServico2.wsdl</NFeStatusServico>
      <NFeConsultaCadastro>wsdl\homologacao\HSVRSCadConsultaCadastro2.wsdl</NFeConsultaCadastro>
    </LocalHomologacao>
    <LocalProducao>
      <NFeRecepcao>wsdl\producao\PSVRSNfeRecepcao2.wsdl</NFeRecepcao>
      <NFeRetRecepcao>wsdl\producao\PSVRSNfeRetRecepcao2.wsdl</NFeRetRecepcao>
      <NFeCancelamento>wsdl\producao\PSVRSNfeCancelamento2.wsdl</NFeCancelamento>
      <NFeInutilizacao>wsdl\producao\PSVRSNfeInutilizacao2.wsdl</NFeInutilizacao>
      <NFeConsulta>wsdl\producao\PSVRSNfeConsulta2.wsdl</NFeConsulta>
      <NFeStatusServico>wsdl\producao\PSVRSNfeStatusServico2.wsdl</NFeStatusServico>
      <NFeConsultaCadastro>wsdl\producao\PSVRSCadConsultaCadastro2.wsdl</NFeConsultaCadastro>
    </LocalProducao>
  </Estado>
  <Estado ID="17" Nome="Tocantins" UF="TO">
    <URLHomologacao>
      <NFeRecepcao>https://homologacao.nfe.sefazvirtual.rs.gov.br/ws/Nferecepcao/NFeRecepcao2.asmx?wsdl</NFeRecepcao>
      <NFeRetRecepcao>https://homologacao.nfe.sefazvirtual.rs.gov.br/ws/NfeRetRecepcao/NfeRetRecepcao2.asmx?wsdl</NFeRetRecepcao>
      <NFeCancelamento>https://homologacao.nfe.sefazvirtual.rs.gov.br/ws/NfeCancelamento/NfeCancelamento2.asmx?wsdl</NFeCancelamento>
      <NFeInutilizacao>https://homologacao.nfe.sefazvirtual.rs.gov.br/ws/nfeinutilizacao/nfeinutilizacao2.asmx?wsdl</NFeInutilizacao>
      <NFeConsulta>https://homologacao.nfe.sefazvirtual.rs.gov.br/ws/NfeConsulta/NfeConsulta2.asmx?wsdl</NFeConsulta>
      <NFeStatusServico>https://homologacao.nfe.sefazvirtual.rs.gov.br/ws/NfeStatusServico/NfeStatusServico2.asmx?wsdl</NFeStatusServico>
      <NFeConsultaCadastro></NFeConsultaCadastro>
    </URLHomologacao>
    <URLProducao>
      <NFeRecepcao>https://nfe.sefazvirtual.rs.gov.br/ws/Nferecepcao/NFeRecepcao2.asmx?wsdl</NFeRecepcao>
      <NFeRetRecepcao>https://nfe.sefazvirtual.rs.gov.br/ws/NfeRetRecepcao/NfeRetRecepcao2.asmx?wsdl</NFeRetRecepcao>
      <NFeCancelamento>https://nfe.sefazvirtual.rs.gov.br/ws/NfeCancelamento/NfeCancelamento2.asmx?wsdl</NFeCancelamento>
      <NFeInutilizacao>https://nfe.sefazvirtual.rs.gov.br/ws/nfeinutilizacao/nfeinutilizacao2.asmx?wsdl</NFeInutilizacao>
      <NFeConsulta>https://nfe.sefazvirtual.rs.gov.br/ws/NfeConsulta/NfeConsulta2.asmx?wsdl</NFeConsulta>
      <NFeStatusServico>https://nfe.sefazvirtual.rs.gov.br/ws/NfeStatusServico/NfeStatusServico2.asmx?wsdl</NFeStatusServico>
      <NFeConsultaCadastro></NFeConsultaCadastro>
    </URLProducao>
    <LocalHomologacao>
      <NFeRecepcao>wsdl\homologacao\HSVRSNfeRecepcao2.wsdl</NFeRecepcao>
      <NFeRetRecepcao>wsdl\homologacao\HSVRSNfeRetRecepcao2.wsdl</NFeRetRecepcao>
      <NFeCancelamento>wsdl\homologacao\HSVRSNfeCancelamento2.wsdl</NFeCancelamento>
      <NFeInutilizacao>wsdl\homologacao\HSVRSNfeInutilizacao2.wsdl</NFeInutilizacao>
      <NFeConsulta>wsdl\homologacao\HSVRSNfeConsulta2.wsdl</NFeConsulta>
      <NFeStatusServico>wsdl\homologacao\HSVRSNfeStatusServico2.wsdl</NFeStatusServico>
      <NFeConsultaCadastro>wsdl\homologacao\HSVRSCadConsultaCadastro2.wsdl</NFeConsultaCadastro>
    </LocalHomologacao>
    <LocalProducao>
      <NFeRecepcao>wsdl\producao\PSVRSNfeRecepcao2.wsdl</NFeRecepcao>
      <NFeRetRecepcao>wsdl\producao\PSVRSNfeRetRecepcao2.wsdl</NFeRetRecepcao>
      <NFeCancelamento>wsdl\producao\PSVRSNfeCancelamento2.wsdl</NFeCancelamento>
      <NFeInutilizacao>wsdl\producao\PSVRSNfeInutilizacao2.wsdl</NFeInutilizacao>
      <NFeConsulta>wsdl\producao\PSVRSNfeConsulta2.wsdl</NFeConsulta>
      <NFeStatusServico>wsdl\producao\PSVRSNfeStatusServico2.wsdl</NFeStatusServico>
      <NFeConsultaCadastro>wsdl\producao\PSVRSCadConsultaCadastro2.wsdl</NFeConsultaCadastro>
    </LocalProducao>
  </Estado>
  <Estado ID="53" Nome="Distrito Federal" UF="DF">
    <URLHomologacao>
      <NFeRecepcao>https://homologacao.nfe.sefazvirtual.rs.gov.br/ws/Nferecepcao/NFeRecepcao2.asmx?wsdl</NFeRecepcao>
      <NFeRetRecepcao>https://homologacao.nfe.sefazvirtual.rs.gov.br/ws/NfeRetRecepcao/NfeRetRecepcao2.asmx?wsdl</NFeRetRecepcao>
      <NFeCancelamento>https://homologacao.nfe.sefazvirtual.rs.gov.br/ws/NfeCancelamento/NfeCancelamento2.asmx?wsdl</NFeCancelamento>
      <NFeInutilizacao>https://homologacao.nfe.sefazvirtual.rs.gov.br/ws/nfeinutilizacao/nfeinutilizacao2.asmx?wsdl</NFeInutilizacao>
      <NFeConsulta>https://homologacao.nfe.sefazvirtual.rs.gov.br/ws/NfeConsulta/NfeConsulta2.asmx?wsdl</NFeConsulta>
      <NFeStatusServico>https://homologacao.nfe.sefazvirtual.rs.gov.br/ws/NfeStatusServico/NfeStatusServico2.asmx?wsdl</NFeStatusServico>
      <NFeConsultaCadastro></NFeConsultaCadastro>
    </URLHomologacao>
    <URLProducao>
      <NFeRecepcao>https://nfe.sefazvirtual.rs.gov.br/ws/Nferecepcao/NFeRecepcao2.asmx?wsdl</NFeRecepcao>
      <NFeRetRecepcao>https://nfe.sefazvirtual.rs.gov.br/ws/NfeRetRecepcao/NfeRetRecepcao2.asmx?wsdl</NFeRetRecepcao>
      <NFeCancelamento>https://nfe.sefazvirtual.rs.gov.br/ws/NfeCancelamento/NfeCancelamento2.asmx?wsdl</NFeCancelamento>
      <NFeInutilizacao>https://nfe.sefazvirtual.rs.gov.br/ws/nfeinutilizacao/nfeinutilizacao2.asmx?wsdl</NFeInutilizacao>
      <NFeConsulta>https://nfe.sefazvirtual.rs.gov.br/ws/NfeConsulta/NfeConsulta2.asmx?wsdl</NFeConsulta>
      <NFeStatusServico>https://nfe.sefazvirtual.rs.gov.br/ws/NfeStatusServico/NfeStatusServico2.asmx?wsdl</NFeStatusServico>
      <NFeConsultaCadastro></NFeConsultaCadastro>
    </URLProducao>
    <LocalHomologacao>
      <NFeRecepcao>wsdl\homologacao\HSVRSNfeRecepcao2.wsdl</NFeRecepcao>
      <NFeRetRecepcao>wsdl\homologacao\HSVRSNfeRetRecepcao2.wsdl</NFeRetRecepcao>
      <NFeCancelamento>wsdl\homologacao\HSVRSNfeCancelamento2.wsdl</NFeCancelamento>
      <NFeInutilizacao>wsdl\homologacao\HSVRSNfeInutilizacao2.wsdl</NFeInutilizacao>
      <NFeConsulta>wsdl\homologacao\HSVRSNfeConsulta2.wsdl</NFeConsulta>
      <NFeStatusServico>wsdl\homologacao\HSVRSNfeStatusServico2.wsdl</NFeStatusServico>
      <NFeConsultaCadastro>wsdl\homologacao\HSVRSCadConsultaCadastro2.wsdl</NFeConsultaCadastro>
    </LocalHomologacao>
    <LocalProducao>
      <NFeRecepcao>wsdl\producao\PSVRSNfeRecepcao2.wsdl</NFeRecepcao>
      <NFeRetRecepcao>wsdl\producao\PSVRSNfeRetRecepcao2.wsdl</NFeRetRecepcao>
      <NFeCancelamento>wsdl\producao\PSVRSNfeCancelamento2.wsdl</NFeCancelamento>
      <NFeInutilizacao>wsdl\producao\PSVRSNfeInutilizacao2.wsdl</NFeInutilizacao>
      <NFeConsulta>wsdl\producao\PSVRSNfeConsulta2.wsdl</NFeConsulta>
      <NFeStatusServico>wsdl\producao\PSVRSNfeStatusServico2.wsdl</NFeStatusServico>
      <NFeConsultaCadastro>wsdl\producao\PSVRSCadConsultaCadastro2.wsdl</NFeConsultaCadastro>
    </LocalProducao>
  </Estado>
  <!--SCAN - Sistema de contingência do ambiente nacional-->
  <Estado ID="900" Nome="Servico de Contingencia do Ambiente Nacional" UF="SCAN">
    <URLHomologacao>
      <NFeRecepcao>https://hom.nfe.fazenda.gov.br/SCAN/NfeRecepcao2/NfeRecepcao2.asmx?wsdl</NFeRecepcao>
      <NFeRetRecepcao>https://hom.nfe.fazenda.gov.br/SCAN/NfeRetRecepcao2/NfeRetRecepcao2.asmx?wsdl</NFeRetRecepcao>
      <NFeCancelamento>https://hom.nfe.fazenda.gov.br/SCAN/NfeCancelamento2/NfeCancelamento2.asmx?wsdl</NFeCancelamento>
      <NFeInutilizacao>https://hom.nfe.fazenda.gov.br/SCAN/NfeInutilizacao2/NfeInutilizacao2.asmx?wsdl</NFeInutilizacao>
      <NFeConsulta>https://hom.nfe.fazenda.gov.br/SCAN/NfeConsulta2/NfeConsulta2.asmx?wsdl</NFeConsulta>
      <NFeStatusServico>https://hom.nfe.fazenda.gov.br/SCAN/NfeStatusServico2/NfeStatusServico2.asmx?wsdl</NFeStatusServico>
      <NFeConsultaCadastro></NFeConsultaCadastro>
    </URLHomologacao>
    <URLProducao>
      <NFeRecepcao>https://www.scan.fazenda.gov.br/NfeRecepcao2/NfeRecepcao2.asmx?wsdl</NFeRecepcao>
      <NFeRetRecepcao>https://www.scan.fazenda.gov.br/NfeRetRecepcao2/NfeRetRecepcao2.asmx?wsdl</NFeRetRecepcao>
      <NFeCancelamento>https://www.scan.fazenda.gov.br/NfeCancelamento2/NfeCancelamento2.asmx?wsdl</NFeCancelamento>
      <NFeInutilizacao>https://www.scan.fazenda.gov.br/NfeInutilizacao2/NfeInutilizacao2.asmx?wsdl</NFeInutilizacao>
      <NFeConsulta>https://www.scan.fazenda.gov.br/NfeConsulta2/NfeConsulta2.asmx?wsdl</NFeConsulta>
      <NFeStatusServico>https://www.scan.fazenda.gov.br/NFeStatusServico2/NFeStatusServico2.asmx?wsdl</NFeStatusServico>
      <NFeConsultaCadastro></NFeConsultaCadastro>
    </URLProducao>
    <LocalHomologacao>
      <NFeRecepcao>wsdl\homologacao\HSCANNfeRecepcao2.wsdl</NFeRecepcao>
      <NFeRetRecepcao>wsdl\homologacao\HSCANNfeRetRecepcao2.wsdl</NFeRetRecepcao>
      <NFeCancelamento>wsdl\homologacao\HSCANNfeCancelamento2.wsdl</NFeCancelamento>
      <NFeInutilizacao>wsdl\homologacao\HSCANNfeInutilizacao2.wsdl</NFeInutilizacao>
      <NFeConsulta>wsdl\homologacao\HSCANNfeConsulta2.wsdl</NFeConsulta>
      <NFeStatusServico>wsdl\homologacao\HSCANNfeStatusServico2.wsdl</NFeStatusServico>
      <NFeConsultaCadastro>wsdl\homologacao\HSCANCadConsultaCadastro2.wsdl</NFeConsultaCadastro>
    </LocalHomologacao>
    <LocalProducao>
      <NFeRecepcao>wsdl\producao\PSCANNfeRecepcao2.wsdl</NFeRecepcao>
      <NFeRetRecepcao>wsdl\producao\PSCANNfeRetRecepcao2.wsdl</NFeRetRecepcao>
      <NFeCancelamento>wsdl\producao\PSCANNfeCancelamento2.wsdl</NFeCancelamento>
      <NFeInutilizacao>wsdl\producao\PSCANNfeInutilizacao2.wsdl</NFeInutilizacao>
      <NFeConsulta>wsdl\producao\PSCANNfeConsulta2.wsdl</NFeConsulta>
      <NFeStatusServico>wsdl\producao\PSCANNfeStatusServico2.wsdl</NFeStatusServico>
      <NFeConsultaCadastro>wsdl\producao\PSCANCadConsultaCadastro2.wsdl</NFeConsultaCadastro>
    </LocalProducao>
  </Estado>
  <!-- DPEC - Declaração Prévia de Emissão em Contingência -->
  <Estado ID="901" Nome="DPEC - Declaração Prévia de Emissão em Contingência" UF="DPEC">
    <URLHomologacao>
      <NFeRecepcao>https://hom.nfe.fazenda.gov.br/SCERecepcaoRFB/SCERecepcaoRFB.asmx?wsdl</NFeRecepcao>
      <NFeRetRecepcao></NFeRetRecepcao>
      <NFeCancelamento></NFeCancelamento>
      <NFeInutilizacao></NFeInutilizacao>
      <NFeConsulta>https://hom.nfe.fazenda.gov.br/SCEConsultaRFB/SCEConsultaRFB.asmx?wsdl</NFeConsulta>
      <NFeStatusServico></NFeStatusServico>
      <NFeConsultaCadastro></NFeConsultaCadastro>
    </URLHomologacao>
    <URLProducao>
      <NFeRecepcao>https://www.nfe.fazenda.gov.br/SCERecepcaoRFB/SCERecepcaoRFB.asmx?wsdl</NFeRecepcao>
      <NFeRetRecepcao></NFeRetRecepcao>
      <NFeCancelamento></NFeCancelamento>
      <NFeInutilizacao></NFeInutilizacao>
      <NFeConsulta>https://www.nfe.fazenda.gov.br/SCEConsultaRFB/SCEConsultaRFB.asmx?wsdl</NFeConsulta>
      <NFeStatusServico></NFeStatusServico>
      <NFeConsultaCadastro></NFeConsultaCadastro>
    </URLProducao>
    <LocalHomologacao>
      <NFeRecepcao>wsdl\homologacao\HDEPCSCERecepcaoRFB.wsdl</NFeRecepcao>
      <NFeRetRecepcao></NFeRetRecepcao>
      <NFeCancelamento></NFeCancelamento>
      <NFeInutilizacao></NFeInutilizacao>
      <NFeConsulta>wsdl\homologacao\HDEPCSCEConsultaRFB.wsdl</NFeConsulta>
      <NFeStatusServico></NFeStatusServico>
      <NFeConsultaCadastro></NFeConsultaCadastro>
    </LocalHomologacao>
    <LocalProducao>
      <NFeRecepcao>wsdl\producao\PDEPCSCERecepcaoRFB.wsdl</NFeRecepcao>
      <NFeRetRecepcao></NFeRetRecepcao>
      <NFeCancelamento></NFeCancelamento>
      <NFeInutilizacao></NFeInutilizacao>
      <NFeConsulta>wsdl\producao\PDEPCSCEConsultaRFB.wsdl</NFeConsulta>
      <NFeStatusServico></NFeStatusServico>
      <NFeConsultaCadastro></NFeConsultaCadastro>
    </LocalProducao>
  </Estado>
  <!-- Sequencia de tag´s de template-->
  <Estado ID="999" Nome="Template" UF="XX">
    <URLHomologacao>
      <NFeRecepcao></NFeRecepcao>
      <NFeRetRecepcao></NFeRetRecepcao>
      <NFeCancelamento></NFeCancelamento>
      <NFeInutilizacao></NFeInutilizacao>
      <NFeConsulta></NFeConsulta>
      <NFeStatusServico></NFeStatusServico>
      <NFeConsultaCadastro></NFeConsultaCadastro>
    </URLHomologacao>
    <URLProducao>
      <NFeRecepcao></NFeRecepcao>
      <NFeRetRecepcao></NFeRetRecepcao>
      <NFeCancelamento></NFeCancelamento>
      <NFeInutilizacao></NFeInutilizacao>
      <NFeConsulta></NFeConsulta>
      <NFeStatusServico></NFeStatusServico>
      <NFeConsultaCadastro></NFeConsultaCadastro>
    </URLProducao>
  </Estado>
</Webservice>