<?xml version="1.0" encoding="UTF-8"?><?xml-stylesheet type='text/xsl' href='_UpgradeReport_Files/UpgradeReport.xslt'?><UpgradeLog>
<Properties><Property Name="Solution" Value="uninfe">
</Property><Property Name="Solution File" Value="C:\Documents and Settings\T2Ti\Desktop\uninfe\uninfe.sln">
</Property><Property Name="Date" Value="segunda-feira, 18 de junho de 2012">
</Property><Property Name="Time" Value="17:13">
</Property></Properties><Event ErrorLevel="0" Project="uninfe" Source="uninfe\uninfe.csproj" Description="Project converted successfully">
</Event><Event ErrorLevel="3" Project="uninfe" Source="uninfe\uninfe.csproj" Description="Converted">
</Event><Event ErrorLevel="0" Project="UniNFeLibrary" Source="UniNFeLibrary\UniNFeLibrary.csproj" Description="Project converted successfully">
</Event><Event ErrorLevel="3" Project="UniNFeLibrary" Source="UniNFeLibrary\UniNFeLibrary.csproj" Description="Converted">
</Event><Event ErrorLevel="0" Project="unicte" Source="unicte\unicte.csproj" Description="Project converted successfully">
</Event><Event ErrorLevel="3" Project="unicte" Source="unicte\unicte.csproj" Description="Converted">
</Event><Event ErrorLevel="0" Project="" Source="uninfe.sln" Description="Solution converted successfully">
</Event><Event ErrorLevel="3" Project="" Source="uninfe.sln" Description="Converted">
</Event><Event ErrorLevel="0" Project="uninfe" Source="uninfe\uninfe.csproj" Description="Scan complete: Upgrade not required for project files.">
</Event><Event ErrorLevel="0" Project="UniNFeLibrary" Source="UniNFeLibrary\app.config" Description="File converted successfully. All &lt;supportedRuntime&gt; and &lt;requiredRuntime&gt; tags were removed to enable the project to build and run with Visual Studio 2005.">
</Event><Event ErrorLevel="3" Project="UniNFeLibrary" Source="UniNFeLibrary\app.config" Description="Converted">
</Event><Event ErrorLevel="0" Project="unicte" Source="unicte\unicte.csproj" Description="Scan complete: Upgrade not required for project files.">
</Event></UpgradeLog>